"Month","Total","Hol","VFR","Bus","Oth","NSW","VIC","QLD","SA","WA","TAS","NT","Hol_NSW","VFR_NSW","Bus_NSW","Oth_NSW","Hol_VIC","VFR_VIC","Bus_VIC","Oth_VIC","Hol_QLD","VFR_QLD","Bus_QLD","Oth_QLD","Hol_SA","VFR_SA","Bus_SA","Oth_SA","Hol_WA","VFR_WA","Bus_WA","Oth_WA","Hol_TAS","VFR_TAS","Bus_TAS","Oth_TAS","Hol_NT","VFR_NT","Bus_NT","Oth_NT"
"1998-01",45151.07128,28286.02927,13573.25655,2550.526772,741.2586819,17515.50238,10393.61802,8633.359046,3504.313346,3121.619189,1850.735774,131.9235291,11624.91024,4845.13067,719.5414477,325.9200204,6789.291555,3159.659306,356.0937085,88.5734463,5243.315684,2641.136082,603.2886485,145.6186311,1845.008406,1201.446071,322.3863844,135.4724852,1761.177674,936.3788443,387.9160852,36.1465855,962.7747909,772.9705048,108.5390894,6.4513884,59.5509207,16.5350749,52.7614085,3.076125
"1998-02",17294.69955,7618.898789,5558.051855,3430.825515,686.9233917,5880.367918,3855.647839,3580.051065,1321.257992,1826.610677,757.0797436,73.6843159,2543.923863,2211.469197,955.4502825,169.5245766,1457.159645,1388.991872,941.8563769,67.6399455,1738.958692,893.5569228,601.4135412,346.1219089,636.982185,440.3196788,209.6855078,34.2706206,711.2497785,432.0114828,620.9450418,62.4043734,521.5905516,180.4069774,48.5385005,6.5437141,9.0340746,11.2957241,52.9362646,0.4182526
"1998-03",20725.11418,9519.992935,6835.348553,3679.636745,690.135951,7086.444392,4353.379282,4717.676663,1521.950007,1868.38153,900.7966217,276.4856883,3296.768613,2338.62331,1211.822236,239.2302329,2045.555909,1416.294935,717.6713038,173.8571334,2056.125618,1714.835447,865.6765678,81.039031,605.9593761,548.2163313,312.0692332,55.705066,975.0769534,412.3468966,397.2063917,83.7512886,420.853351,395.6731526,65.8219914,18.4481267,119.6531149,9.35848,109.369021,38.1050724
"1998-04",25705.30549,13748.26837,8073.115168,3118.555248,765.3667065,10606.5129,5238.765787,4940.278404,1857.933964,1974.500131,837.2778137,250.0364879,5694.114144,3178.763295,1496.389243,237.246221,2862.554298,1853.718465,459.4309083,63.0621157,2583.07578,1556.026927,468.0628753,333.1128214,976.0161917,636.0404964,203.013911,42.8633646,1033.651382,504.662274,359.6158305,76.5706443,523.7698703,204.2371367,100.3518472,8.9189595,75.0867004,139.6665745,31.690633,3.59258
"1998-05",20360.14106,8143.838428,5988.62832,5408.050575,819.6237318,7430.373559,3820.666426,4219.283647,1378.75354,2619.168183,551.3770585,340.5186428,3036.564776,2195.58998,1909.031041,289.187762,1589.380752,1193.871412,922.6082525,114.8060091,1856.858432,1493.931559,711.1970267,157.2966284,503.1527833,424.3631059,257.0176373,194.2200133,656.2297923,496.1647917,1416.122808,50.6507912,335.3007341,70.9411218,143.7881712,1.3470314,166.3511586,113.766349,48.2856388,12.1154964
"1998-06",18237.55402,7412.900403,6741.726717,3265.870243,817.056657,5983.938521,3335.519278,4872.259012,1203.8096,1443.942091,604.0398202,794.0456993,2278.899504,2441.446526,876.1891858,387.4033048,1596.279709,1123.784656,443.9625723,171.4923409,1878.315212,1853.889804,1042.849115,97.2048806,464.9185511,419.7394311,287.6188513,31.5327664,728.3261601,366.7491008,267.5708127,81.296017,209.0805614,248.2488791,119.8485072,26.8618725,257.0807061,287.8683194,227.831199,21.2654748
"1998-07",23693.97982,11503.59733,7424.716722,3867.146229,898.5195374,7457.471249,3935.252466,6199.867645,1732.379245,2878.085759,423.6589189,1067.26454,3034.502976,2678.785948,1329.742267,414.4400574,1905.927595,1170.729532,746.1368928,112.4584469,3276.364653,1919.56098,798.7666122,205.1753999,726.4237105,686.364613,251.6736016,67.9173201,1592.110357,666.6079769,539.4100833,79.957342,122.6021413,201.4423174,81.0434891,18.5709711,845.6659011,101.2253556,120.3732831,0
"1998-08",23402.86948,10497.90317,6740.445762,5516.809212,647.7113363,6940.452118,3409.275109,7078.667212,1194.995028,2374.445566,315.832445,2089.201998,2882.853245,2251.445465,1504.751389,301.4020189,1442.98852,1310.786784,546.7100407,108.7897649,3825.297336,1753.910506,1400.851935,98.6074346,520.5606097,437.7775129,225.5086018,11.148304,1149.815047,564.8571484,573.6021043,86.1712656,142.0043152,85.7543086,82.9464167,5.1274045,534.3840932,335.9140368,1182.438725,36.4651438
"1998-09",23867.25751,11987.98413,6413.442494,4106.17349,1359.657397,6542.638049,3780.823586,8251.283968,1410.232295,2862.692984,371.1950016,648.3916296,2551.488276,2346.88216,1240.343587,403.9240249,1725.42419,1328.258547,649.4816388,77.6592105,4745.256102,1814.781696,1178.408484,512.8376855,667.1113078,329.2268844,273.3647082,140.5293947,1754.093258,454.9695579,447.0181186,206.6120495,178.8785085,102.4487286,83.5159454,6.3518191,365.7324891,36.8749201,234.0410078,11.7432126
"1998-10",26658.16133,14850.80943,7255.509345,3849.136346,702.7062165,8923.898212,4288.285286,6503.374351,1748.694233,3428.84246,633.2210093,1131.845783,4158.292504,3232.486076,1169.198094,363.9215377,2088.443956,1506.603179,604.0746524,89.1634976,4134.841135,1085.772811,1142.232121,140.5282854,1139.166488,300.778158,276.9933984,31.756189,2275.606541,667.5806723,443.27232,42.3829264,459.1604094,104.0901463,57.196061,12.7743926,595.2983929,358.1983029,156.1696995,22.1793878
"1998-11",22407.96098,10906.86939,5957.716615,4500.253155,1043.121824,7550.79026,4157.942454,5019.924857,1747.693974,2799.642172,667.3646248,464.6026383,3630.795422,2002.101947,1365.300419,552.5924713,1804.10248,1633.774137,552.5428032,167.5230343,2450.39628,1397.565436,1085.375822,86.5873186,875.8865252,449.8224041,364.4418449,57.5432,1420.297791,312.0758184,908.8538031,158.4147597,489.9697945,102.1082825,61.3773041,13.9092437,235.4210945,60.268589,162.3611582,6.5517966
"1998-12",20573.86427,8306.830691,8296.906895,3083.995582,886.1311078,7181.890604,4402.587615,4644.605916,1265.666802,2189.054817,725.1295257,164.9289947,2875.463277,2965.151834,887.4587228,453.8167705,1653.032479,1950.990488,596.4016028,202.1630452,1951.101827,1957.774905,655.3767861,80.3523979,510.4101248,459.92813,246.7562975,48.5722498,943.6984718,733.1442408,434.8316932,77.3804115,333.8098835,187.1550965,180.3183128,23.8462329,39.3146277,42.7622007,82.8521663,0
"1999-01",48008.8591,29031.96161,14566.99164,3414.421272,995.4845789,17238.64787,11178.30827,11003.56879,2978.142296,3504.240881,1660.807896,445.1431017,10609.56952,5416.900596,980.5728151,231.6049344,7210.283329,3364.891769,478.8044821,124.3286884,5992.170966,3372.070106,1118.537458,520.7902597,1783.906651,923.8476468,255.4018575,14.9861399,2300.50846,838.1225743,337.4333591,28.1764879,1038.150529,511.8326113,53.5555339,57.2692215,97.3721485,139.3263395,190.1157666,18.3288471
"1999-02",18827.49321,8701.968077,5817.418214,3545.943408,762.1635114,6400.373261,3958.751872,4428.259878,1328.771809,1725.274043,870.284759,115.7775893,2624.453267,2204.260593,1347.432441,224.2269599,2107.950401,1174.204533,540.5792999,136.0176376,1917.859918,1337.055725,981.0692646,192.2749703,740.4032199,365.0310755,121.5759294,101.7615844,764.6393993,536.2144104,372.9144039,51.5058296,513.5336873,175.1320257,155.4511389,26.1679071,33.1281847,25.5198518,26.9209303,30.2086225
"1999-03",19316.24516,9018.624862,6504.055934,3062.92443,730.6399341,6996.49085,3875.18023,3857.050886,1190.878735,2250.594963,788.8256426,357.2238526,2904.997874,2765.683381,1019.396681,306.4129132,1642.606202,1613.553924,500.3574454,118.6626585,2136.391644,873.9135564,650.2561651,196.4895209,488.9155759,393.5011009,290.1947089,18.2673493,1215.670404,649.3418765,312.2876347,73.2950479,550.0236123,95.8138703,125.4757157,17.5124443,80.0195497,112.2482242,164.9560787,0
"1999-04",26243.80311,13897.54014,7635.82108,3651.602213,1058.839672,9159.915462,4618.59623,6676.962089,1949.606058,2917.976046,650.5162075,270.2310129,4612.698078,2742.747747,1297.23235,507.2372872,2578.534816,1501.528931,390.2548867,148.2775961,3349.304262,1731.486427,1432.769525,163.4018749,972.2535884,619.0458576,227.9853274,130.3212848,1991.337352,641.1813669,204.6318427,80.8254846,236.8566698,333.2726835,51.6107099,28.7761443,156.5553741,66.558068,47.1175708,0
"1999-05",19938.44914,8870.577873,5815.082723,4518.576455,734.2120848,6359.841622,3737.213941,5224.357552,1570.13543,1991.688463,509.9065833,545.305544,2784.687862,2223.496314,1167.095725,184.5617209,1633.708055,1016.426963,947.2498155,139.8291086,2340.064828,1277.445361,1340.901384,265.9459787,670.7912394,531.5180499,298.3813429,69.4447974,841.5574809,580.3178451,533.4152396,36.397897,297.609013,122.7969584,62.9886063,26.5120056,302.1593947,63.0812315,168.5443412,11.5205766
"1999-06",19771.90804,8898.166102,6315.016246,3708.310187,850.4155046,6173.701293,3533.969358,5178.446484,1301.004307,2213.082108,644.6969453,727.0075437,2539.18469,2160.514264,1205.051906,268.9504332,1660.307387,1142.281263,541.9365356,189.4441729,2529.306781,1625.205506,943.3135513,80.6206449,588.1306573,362.5607459,213.1746965,137.1382068,994.0969493,685.6743292,421.9516769,111.3591529,255.392633,169.4191982,175.0811671,44.803947,331.7470037,169.3609391,207.800654,18.0989469
"1999-07",24133.82643,11514.6511,7649.064806,3876.168262,1093.942257,8107.307024,3722.382288,6316.308719,1811.706845,2761.62964,607.9005854,806.5913254,3505.187685,2876.169177,1545.631236,180.3189258,1696.992911,1200.569289,600.6181859,224.2019019,3198.727546,1888.002245,754.2137556,475.3651722,719.4278202,709.7063304,316.9134918,65.6592023,1433.392967,689.8841997,508.2515123,130.1009613,339.9326518,160.8251577,99.9572856,7.1854903,620.9895201,123.9084066,50.5827951,11.1106036
"1999-08",22688.69683,11245.89071,5937.815409,3870.678858,1634.311853,6555.280528,3396.714689,7843.728192,1091.300555,2474.838608,412.3214911,914.512769,2922.593333,2091.870458,1241.624747,299.1919904,1712.258472,1061.08525,505.8808534,117.4901133,4219.045881,1566.181938,985.2210551,1073.279318,479.2968464,399.8566051,207.5973862,4.5497177,1185.938159,562.1391082,590.3191856,136.4421551,187.0455713,144.8018769,77.1154842,3.3585587,539.7124489,111.8801733,262.9201468,0
"1999-09",24081.75568,12669.59383,6463.267893,3983.304386,965.5895665,6992.342586,3388.927893,8868.365011,1266.621228,2370.48864,511.4887484,683.5215742,2935.444621,2200.295734,1666.416905,190.1853254,1729.395324,1144.966931,438.7795241,75.7861135,5581.603706,1940.421697,922.3257258,424.0138824,567.6979636,450.3299838,207.5759928,41.0172878,1243.224935,542.5067146,435.683641,149.0733486,216.0754931,74.340455,195.5696091,25.5031912,396.1517907,110.406378,116.9529879,60.0104176
"1999-10",25775.81391,14463.73038,6749.04394,3494.029767,1069.009822,9075.803184,3837.063262,7134.971216,1838.97621,2608.284194,637.2669648,643.4488742,4570.338667,2701.603211,1396.895149,406.9661567,1955.67058,1285.908382,484.8096729,110.6746276,4328.471743,1686.662002,858.6028638,261.2346067,988.8835605,448.778447,266.6249381,134.6892648,1806.299717,456.2834402,255.8811957,89.8198416,345.3447515,136.8768617,124.6026035,30.4427481,468.7213586,32.9315956,106.6133436,35.1825764
"1999-11",20927.48717,9468.545521,6385.911359,3490.480289,1582.550002,7990.636131,3506.988716,5397.203594,1231.371207,1803.751956,518.4624575,479.0731096,2732.954623,3023.886983,1247.937236,985.8572889,1644.27916,1068.135576,726.3785188,68.1954605,3041.1854,1401.499369,636.4802736,318.038551,610.0843121,425.1622859,160.1183426,36.0062667,746.1996593,401.2274951,498.7014235,157.6233783,348.7041726,52.1700242,114.3653729,3.2228878,345.1381936,13.8296253,106.4991219,13.6061688
"1999-12",20302.20888,8179.537098,7247.955496,3573.565683,1301.150599,7478.362038,3305.406823,5262.000919,1422.108387,2061.220281,577.0655819,196.0448458,2961.069498,2969.349017,1146.157646,401.7858772,1263.615097,1279.937378,620.657079,141.1972697,2551.720081,1716.073512,635.6172307,358.5900964,465.4609696,583.9119142,80.9562806,291.7792224,654.0801401,498.6000955,864.3423901,44.1976551,221.983049,187.6895064,127.5882137,39.8048128,61.6082647,12.3940735,98.2468424,23.7956652
"2000-01",43704.58993,27022.84679,13475.0454,1962.455261,1244.242484,15616.28173,10087.20852,9002.628849,3585.033921,3736.027417,1115.938186,561.4713138,9738.861868,4726.706561,676.8581343,473.8551662,6145.529904,3050.283025,521.2860329,370.1095546,6057.884664,2491.672811,334.2326255,118.8387487,1846.950841,1456.377165,175.6164421,106.0894729,2397.378978,1064.163527,136.163439,138.3214734,666.6925978,349.1698414,75.6197743,24.4559723,169.5479368,336.6724691,42.6788124,12.5720955
"2000-02",19147.16463,9119.042574,5292.152194,3936.041028,799.9288335,6826.96078,3696.316418,4423.516536,1693.56689,1475.616395,655.9391546,375.2484562,3425.594668,2040.820261,1120.651165,239.8946855,1770.549627,1179.361247,683.6828161,62.7227277,1879.119122,1106.459421,1202.348462,235.5895298,737.5744209,462.0149516,366.6002623,127.3772549,921.9157302,266.3532287,182.6462184,104.7012175,341.1311101,201.4746365,92.0517021,21.2817059,43.1578951,35.6684476,288.0604013,8.3617122
"2000-03",21449.86884,10693.08247,5831.323606,3832.248314,1093.214446,6625.929207,4489.975887,4960.394384,1454.977815,2653.1492,893.7788436,371.6635009,3153.028247,1983.552097,1164.182903,325.1659593,2122.484499,1562.105797,534.6676163,270.7179755,2148.88995,1276.952979,1232.348277,302.2031786,580.0100571,390.3663635,440.1976814,44.4037126,1742.358298,518.1902564,302.7602757,89.8403699,661.0267116,91.0815365,91.0251586,50.6454369,285.2847082,9.0745778,67.0664016,10.2378133
"2000-04",25796.69178,13955.63885,7229.941871,3926.556211,684.5548432,8478.177005,5391.101726,6126.568745,1856.098791,2766.438725,743.6207925,434.6859928,4272.064925,2367.921305,1561.271001,276.919773,3040.396269,1619.588599,634.6179595,96.498899,3280.76435,1764.109287,884.0471074,197.6480013,1003.824899,462.1870964,347.7303359,42.3564596,1658.480687,701.1026419,354.9684119,51.8869844,429.1394453,257.037287,42.2885609,15.1554993,270.968277,57.9956555,101.6328337,4.0892266
"2000-05",19754.25197,8912.453476,6333.184995,3351.245248,1157.368248,7321.025625,3403.813934,4847.692386,1427.19492,1989.889653,418.0198976,346.6155522,3500.007755,2475.233849,984.4667679,361.3172526,1346.193172,1203.82269,482.8629638,370.9351078,2627.435354,1279.124037,795.6097117,145.5232837,336.7685698,564.1216482,418.6378033,107.6668989,796.4712068,618.825951,438.9164347,135.6760604,149.3421458,163.1503843,92.8479975,12.67937,156.2352729,28.9064355,137.9035692,23.5702746
"2000-06",18200.15444,8310.670303,5770.327644,3237.19001,881.9664792,5562.01207,3198.458717,4931.358794,1300.329507,2002.875075,456.52679,748.5934839,2100.400728,2061.408498,1090.341418,309.8614258,1370.193408,1102.138496,533.5874809,192.5393317,2675.027858,1501.44955,681.2558675,73.6255185,515.7831719,437.4832106,138.9693174,208.0938074,1056.151936,498.8266628,380.9442148,66.9522611,271.9778784,87.8910928,74.4700179,22.1878009,321.1353222,81.1301342,337.6216937,8.7063338
"2000-07",22838.40094,11178.6846,6694.833706,3897.424218,1067.458408,6590.952534,3630.419428,6828.098404,1742.061344,2498.671744,542.2929588,1005.904524,2904.163209,2176.958352,1193.336477,316.4944969,1683.773639,1173.446013,602.9534701,170.2463063,3575.323305,2020.575209,1021.604248,210.5956419,911.7005904,321.3906892,434.9170652,74.0529992,1288.708589,656.8585788,479.4145526,73.6900234,282.7847163,146.28879,106.3324035,6.887049,532.2305561,199.3160751,58.8660016,215.4918914
"2000-08",20210.7035,9981.954567,5602.688987,3661.885478,964.1744648,6300.578447,3520.6609,5710.762037,1459.089912,1749.353732,343.7708522,1126.487617,2882.804528,1858.776048,1195.133184,363.8646869,1604.590969,1084.111277,701.5141941,130.4444599,2898.93856,1753.40312,811.8040111,246.616346,818.084849,349.6786161,276.8461432,14.4803041,957.4756299,336.0162247,305.7455136,150.116364,107.0362396,52.9684528,143.1195301,40.6466297,713.0237926,167.7352478,227.7229024,18.0056742
"2000-09",25947.42523,13617.81753,7650.239566,3645.328323,1034.039806,9056.549567,3411.369833,8356.451721,1533.553999,1970.125226,687.7986908,931.5761912,4528.07314,2841.970921,1339.739718,346.7657877,1534.834812,1273.924676,541.7117013,60.8986441,4542.269055,2247.932069,1086.842625,479.4079719,922.8356033,323.9932922,257.6525516,29.0725522,1079.206494,562.871092,241.6204164,86.4272235,422.4782493,175.9541249,72.0806284,17.2856882,588.1201808,223.5933901,105.6806823,14.181938
"2000-10",27135.9044,14384.86099,7630.793683,4126.281427,993.9683037,9462.951044,4386.939112,7106.646475,1746.231428,2893.614271,796.2886272,743.2334423,5266.645752,2542.23335,1392.193253,261.8786891,1870.554584,1674.95828,639.4282683,201.9979799,3953.255973,2049.787019,880.3350057,223.2684771,831.5352767,515.7074866,305.4018803,93.5867844,1538.091496,606.2682788,585.4185682,163.8359286,423.2239187,213.5935246,143.3761696,16.0950143,501.5539858,28.2457437,180.1282825,33.3054303
"2000-11",22254.52682,10156.57676,6361.271521,4690.407194,1046.271345,7241.864577,4317.160294,5561.084677,1372.848816,2431.141592,711.9176589,618.5092056,2933.241783,2394.065335,1417.212601,497.3448574,2026.006623,1111.409996,932.97162,246.7720558,2946.409601,1368.911326,1038.063261,207.7004886,631.2604604,271.6721042,427.851114,42.0651373,754.7025748,949.696086,694.2992042,32.4437271,415.4024273,190.8732981,87.963102,17.6788315,449.5532914,74.6433754,92.0462918,2.266247
"2000-12",21956.22012,8973.145194,7903.560685,4201.082753,878.4314843,8629.871418,3876.787854,4984.710766,1535.957728,1928.300338,617.8352138,382.7567975,3252.923229,3429.805033,1423.345059,523.7980973,1565.618961,1593.428003,621.3112943,96.4295966,2431.637566,1603.237366,799.7147432,150.1210899,576.5288088,431.8597633,467.9383052,59.6308506,729.6096597,604.0466055,565.7451815,28.8988916,319.3503048,223.995691,56.9382704,17.5509476,97.4766645,17.1882234,266.0898989,2.0020107
"2001-01",41440.85006,26306.61797,11929.91002,2318.080339,886.2417273,14691.97152,10426.35357,8821.580241,2951.948126,2984.45516,1247.556736,316.9847077,9248.640354,4397.56312,787.5084908,258.2595584,7213.601294,2565.402899,457.8174168,189.5319569,5445.878196,2568.410973,514.8143561,292.4767158,1674.524206,995.5080106,239.7601828,42.155727,1829.24794,887.5592215,191.1882864,76.4597117,762.8136383,370.153563,102.4840683,12.105466,131.912347,145.3122313,24.5075379,15.2525915
"2001-02",20656.0961,9816.410582,6384.052364,3454.504956,1001.128203,7547.894161,4196.744417,4551.65007,1556.747579,1717.023392,962.9758225,123.060663,3248.850877,2673.260932,1361.437517,264.3448351,2089.796349,1368.388222,656.6483135,81.9115323,2408.480088,1174.658736,548.7244323,419.7868132,560.3755183,538.8726311,340.769261,116.7301689,773.6341013,436.6437587,398.8725623,107.8729694,695.5219321,188.5058715,69.0481493,9.8998696,39.7517158,3.7222126,79.0047202,0.5820144
"2001-03",17038.67162,7785.926932,5108.609911,3251.89493,892.2398473,5605.363183,3921.225317,3724.072194,1320.979239,1463.007418,676.3441409,327.6801287,2531.956718,1727.896965,1085.718738,259.7907621,1782.695862,1231.928888,645.4568932,261.143674,1714.294048,1142.613569,704.1390933,163.0254838,800.349568,332.7451498,161.0100811,26.8744398,527.4587888,522.6751114,373.4262065,39.447311,363.8746559,127.4300309,45.3918943,139.6475598,65.297292,23.3201962,236.7520237,2.3106168
"2001-04",27805.8227,14608.1647,8783.907243,3567.870459,845.8803018,10215.42642,4901.736524,5940.21811,1815.720324,3395.012233,739.176847,798.5322468,4913.665641,4073.959353,912.4676857,315.3337354,2830.214096,1377.345989,433.369871,260.8065678,3132.028745,1911.093873,744.5983398,152.4971525,926.4858763,591.3001168,239.4877532,58.4465773,2021.295786,674.5979469,653.1391897,45.9793101,557.2683145,128.0379609,42.7979545,11.0726171,227.2062364,27.5720037,542.0096651,1.7443416
"2001-05",18255.96779,8442.884571,5127.398801,3527.086451,1158.597966,6221.28092,3440.193526,4364.629491,1544.036572,1682.004477,454.7390137,549.0837896,2545.220778,1895.089921,1286.954178,494.016043,1626.025411,1008.460233,715.6350207,90.0728619,2062.011339,1360.257976,715.6657653,226.6944112,731.7261204,398.6237479,251.4071898,162.2795134,844.4202936,340.4623118,336.5386362,160.5832352,265.0044761,107.5247971,73.9665214,8.2432191,368.4761537,16.9798152,146.9191388,16.7086819
"2001-06",20668.96038,9505.087915,6381.452909,3214.19388,1568.225677,6516.920903,3705.647575,6389.917432,1123.733617,1741.063101,570.1119432,621.5658095,2580.252849,2360.436449,1141.294632,434.936974,1749.034219,1347.890569,490.2435202,118.4792678,3241.292056,1654.45237,831.1072759,663.0657293,502.622838,335.6142074,204.3765901,81.1199811,716.0953023,438.1445443,371.5853491,215.2379055,334.2438164,162.7513196,53.7718174,19.3449898,381.5468346,82.16345,121.8146957,36.0408292
"2001-07",23421.63529,10126.11174,8533.601651,3906.779434,855.1424669,8004.482017,4604.064789,5419.378062,1694.711339,2308.45385,456.7725025,933.7727289,3138.833129,3490.01074,1220.929436,154.7087126,1894.584862,1894.138132,632.7464542,182.5953415,2542.899153,1754.478937,940.3712675,181.628705,784.6997087,546.615857,286.034416,77.3613568,1168.535136,487.2552007,538.1737253,114.4897873,167.4752015,145.5126747,123.3862628,20.3983635,429.0845468,215.59011,165.1378719,123.9602002
"2001-08",22497.92704,11011.17808,6143.503157,4222.229694,1121.016106,6117.384762,3304.439461,8069.857051,1250.98352,2182.594692,336.6388033,1236.02875,2315.359496,2243.51512,1233.616452,324.8936945,1463.274428,740.1697121,811.1387598,289.856561,4578.346668,2052.700252,1108.05674,330.7533912,466.4739107,382.3496922,304.6621222,97.4977944,1107.758761,560.0179111,475.9682107,38.8498092,184.6819996,62.279037,68.1838794,21.4938873,895.2828187,102.4714332,220.6035296,17.6709688
"2001-09",22730.89081,11600.60666,6151.527426,3656.469176,1322.287544,6998.022822,3496.067738,7639.108624,1178.53655,2427.085278,485.6550639,506.4147326,3330.802652,2153.604879,1266.303652,247.3116391,1412.186042,1127.461628,631.1503865,325.2696817,4346.204322,1778.515875,950.508674,563.8797528,575.9865267,277.180441,215.3403934,110.0291886,1361.746945,573.5600158,429.8301854,61.9481314,239.3346122,149.4180809,88.0735367,8.8288341,334.3455616,91.786507,75.2623478,5.0203162
"2001-10",28043.35958,15693.24306,7026.11231,3745.988465,1578.015748,8130.895807,4370.209844,8521.498422,1786.430603,3784.104735,680.7386829,769.4814886,4367.584408,2260.435911,1333.816296,169.059192,1679.529738,1448.325093,775.9811376,466.3738752,5398.970153,1679.370687,773.0822971,670.0752853,1064.795096,565.0273015,109.7833559,46.8248497,2272.183779,863.1226078,521.1113317,127.6870169,402.1718121,166.7976702,60.2292397,51.5399609,508.0080733,43.0330407,171.9848062,46.4555684
"2001-11",19598.08684,8852.439833,5488.777684,4305.353912,951.5154112,6824.956825,3803.54286,4757.728524,1330.894294,2146.654246,376.9938377,357.3162529,2744.549088,1994.167597,1538.203528,548.036612,1862.834987,1182.821035,622.7450196,135.1418175,2215.300452,1281.700681,1162.362175,98.3652159,569.7082491,451.2333004,226.0088343,83.9439104,1128.484642,418.7203444,575.6659894,23.78327,190.3088742,101.0887377,57.2016555,28.3945703,141.2535398,59.0459886,123.1667094,33.8500151
"2001-12",21829.03218,9186.247505,8567.123345,2699.898066,1375.763261,7009.145185,4771.43015,5907.935831,1609.918312,1851.681654,547.2899219,131.6311215,2714.888301,3009.075352,857.5639515,427.6175811,1626.649954,2387.727742,576.2121503,180.8403035,3019.001643,1653.885058,725.0430063,510.0061234,796.9045063,631.2655007,79.7569655,101.9913396,764.5911314,683.6064616,273.1396782,130.344383,223.4542211,158.7332127,155.7176542,9.3848339,40.7577478,42.8300178,32.4646596,15.5786963
"2002-01",43547.47974,26132.19001,13951.9105,2432.759855,1030.619379,14198.08131,10174.98318,10259.20401,2855.644189,4018.419683,1822.784214,218.3631555,8472.989683,4757.095146,717.9571649,250.0393162,5750.627757,3579.430507,561.1152894,283.8096239,6604.151736,2991.607986,367.9627899,295.4814999,1543.504972,989.9899441,258.4995084,63.6497644,2568.904411,1054.709025,263.0563818,131.7498649,1155.108855,415.2575584,250.1053769,2.3124231,36.9025956,163.82033,14.0633435,3.5768864
"2002-02",19340.54187,9427.834881,5232.450595,3432.042264,1248.214128,6489.53102,3744.708156,4322.504916,1202.435231,2651.662907,635.3728254,294.3268125,3317.714341,2015.421197,838.8401025,317.5553798,1625.545815,972.6142609,625.5981502,520.9499292,2351.226847,1016.41681,738.2134702,216.6477895,590.9201575,384.1144574,183.7101322,43.6904837,1068.75145,691.4204679,801.4353428,90.0556469,424.168787,135.69516,17.7805532,57.7283252,49.5074842,16.7682418,226.4645125,1.586574
"2002-03",20074.55053,9461.356973,5594.464253,3923.164451,1095.564857,7036.759628,4492.824492,4457.25623,1285.726928,1839.252573,758.1033617,204.6273214,3205.833542,2108.774291,1549.994528,172.1572661,2340.253093,1479.010087,484.6161612,188.945151,2146.486429,1000.57805,882.959464,427.2322866,537.9335983,352.0393258,206.3902672,189.3637369,594.2457098,554.2305569,587.2894013,103.4869046,543.5729125,93.0501053,108.1723433,13.3080006,93.0316878,6.7818363,103.7422861,1.0715112
"2002-04",24742.17323,12717.35086,8293.340317,3076.23111,655.2509389,9241.523959,4846.042494,5279.927216,2110.195646,2352.181337,600.3722033,311.9303732,4321.858148,3576.371494,1147.400291,195.8940253,2541.660579,1819.048518,394.6917783,90.6416192,3129.087235,1198.978787,743.8727965,207.9883976,961.3006444,881.7938078,218.30558,48.7956138,1299.435348,625.4922758,354.7535278,72.5001855,331.6517113,159.7716844,101.3187825,7.6300251,132.3571972,31.8837496,115.888354,31.8010724
"2002-05",18440.98284,7378.262238,6795.613363,3532.767165,734.3400751,6022.257684,3519.462251,4341.53616,1303.926566,2007.116045,516.0517894,730.6323467,2281.408195,2311.00131,1234.28333,195.5648492,1259.38909,1621.903152,498.6506941,139.5193147,1819.644306,1557.23135,821.4726209,143.1878834,522.3569631,325.2888192,299.1950114,157.0857722,701.0377983,796.8433164,439.9958601,69.2390705,318.5129946,94.2487522,82.4628262,20.8272164,475.9128916,89.0966639,156.7068225,8.9159687
"2002-06",19446.73314,9207.339954,5437.03144,3756.122457,1046.239289,6785.01008,3479.76732,4517.586052,1440.941667,2227.123249,436.4156805,559.8890914,2917.255006,2058.937231,1175.481816,633.3360269,1716.970789,1134.487178,543.6209561,84.6883972,2387.10857,1107.925694,842.1706226,180.3811659,789.8215933,374.1847711,241.4797723,35.4555301,946.3128476,602.7867207,595.9478157,82.0758653,192.3937848,135.0165574,80.7728713,28.232467,257.477363,23.6932881,276.6486035,2.0698368
"2002-07",25004.06572,10734.21409,8130.062256,4878.297583,1261.491789,8310.754089,3886.566156,6572.470781,1582.538556,2769.403433,908.818772,973.5139306,3419.831207,2952.636272,1581.86548,356.4211306,1446.943107,1287.268678,909.9649042,242.3894662,3334.581833,2197.327407,764.0579191,276.5036224,633.5900644,628.714696,256.898107,63.3356887,1228.241432,542.4573759,732.5235725,266.1810517,135.8090223,193.5832502,567.71685,11.7096495,535.2174234,328.0745761,65.2707509,44.9511802
"2002-08",23041.13176,10057.82801,7570.81045,4038.386826,1374.106474,7399.56119,3924.407674,7550.635833,1198.154232,1926.356317,478.450058,563.56646,2954.667317,2788.035324,1436.902892,219.9556572,1487.893184,1469.814384,711.1948674,255.505239,3922.379041,2212.286341,986.0235298,429.9469205,449.6041084,351.3753318,268.9594435,128.2153483,839.0970336,577.1669349,416.725278,93.3670702,107.6501377,88.0398253,46.0733171,236.6867779,296.5371915,84.0923094,172.5074983,10.4294608
"2002-09",25634.45376,11465.79467,8216.652393,4616.23716,1335.769541,7608.758426,3957.229999,8399.507232,2045.704642,2361.982618,502.295741,758.9751013,2821.652609,2690.027015,1721.583942,375.4948613,1776.399522,1315.812186,602.6982589,262.3200319,4301.966541,2504.167146,1200.947283,392.426261,663.7351999,923.3956501,310.459276,148.1145162,1202.350428,602.5315572,449.9174048,107.1832274,301.3453016,124.7085116,68.444975,7.7969528,398.3450633,56.0103269,262.1860206,42.4336905
"2002-10",29794.52995,15337.97857,8388.176158,4829.092087,1239.283128,9608.045239,4620.881073,8076.067375,2091.196472,3383.117294,477.3427626,1537.879731,4887.298329,3303.98995,1063.77047,352.9864897,2036.918033,1610.056641,776.7168807,197.1895184,4623.897011,2133.974388,940.542252,377.6537243,1250.658866,465.3266621,272.5271907,102.6837529,1636.250835,613.669819,986.0800241,147.1166158,309.4425792,70.8714745,68.5205369,28.508172,593.5129214,190.2872234,720.9347317,33.1448545
"2002-11",20299.8843,9505.212381,5358.391877,3512.340297,1923.939741,6031.940191,4386.194359,5241.260547,1440.252768,1744.223041,547.6731259,908.3402657,2575.347696,2294.803493,963.4816839,198.3073182,1896.478787,1149.995693,751.2962857,588.4235933,2562.261981,994.1986917,742.4645902,942.335284,618.0684469,371.1646413,410.6786123,40.3410673,809.1839357,446.0285263,393.053547,95.9570318,341.3518507,80.9456393,89.2882274,36.0874085,702.5196843,21.2551925,162.0773507,22.4880382
"2002-12",23545.18173,9762.734188,9668.372826,3288.624618,825.450095,8482.991443,4808.54025,5986.477882,1435.902061,1796.382778,794.2932779,240.5940353,3390.63199,3631.534564,1238.874892,221.9499977,1832.650361,2354.105938,494.3422683,127.4416826,2878.499366,1910.661115,979.9784945,217.338907,439.9637443,742.6356258,159.2623411,94.0403497,830.6062356,731.4525709,100.2363332,134.0876385,301.9542567,277.5830885,185.7449132,29.0110195,88.4282345,20.3999247,130.1853761,1.5805
"2003-01",43102.37459,25822.27669,14382.55043,2068.990284,828.5571927,14417.58016,8701.194282,11143.18762,3320.2994,4011.215312,1351.582192,157.3156226,8941.62576,4541.384963,727.694803,206.8746344,5504.444258,2564.082532,487.9881368,144.6793564,6418.653915,4061.22541,378.4073156,284.9009797,1608.327318,1488.306899,126.1997528,97.4654307,2383.54385,1286.160364,264.0927859,77.4183117,896.0548705,370.451779,68.495195,16.5803472,69.6267139,70.9384815,16.1122946,0.6381326
"2003-02",18703.16508,8089.020226,6350.211131,3546.768787,717.1649389,6074.737579,4201.97011,4419.750624,1307.744455,1524.095576,902.7902043,272.0765356,2373.384448,2376.709886,1111.163115,213.4801305,2011.817878,1531.043185,490.0418069,169.0672393,1950.269167,1174.301854,1172.879536,122.3000661,536.82691,393.3139067,319.5455028,58.058135,612.1202925,546.6299718,256.6874515,108.65786,493.282549,221.7351808,155.9180623,31.8544122,111.3189815,106.477146,40.5333123,13.7470958
"2003-03",20873.26069,9150.098415,6644.511354,4226.622934,852.0279838,7493.341696,4319.595966,4282.039489,1505.041525,2010.642822,864.7144487,397.884741,3218.018723,2421.268846,1654.148115,199.9060123,1711.652861,1556.085668,785.1900252,266.6674116,2223.39588,1259.739894,671.2986996,127.6050154,595.6246076,387.029528,415.5305455,106.8568434,891.0404957,734.5130555,325.5863941,59.5028763,419.4320712,193.1922936,160.6002591,91.4898248,90.9337769,92.6820685,214.2688956,0
"2003-04",24625.34426,12833.24197,8452.127303,2720.056298,619.9186881,8363.304253,5258.2646,5627.964982,1966.762712,2051.133725,897.938519,459.9754674,4139.080923,2954.861867,993.4759439,275.8855189,2752.12383,1824.460985,643.6699251,38.009861,2900.292387,2171.164015,445.1584181,111.3501616,1041.388608,601.3615358,194.7332818,129.2792856,1232.818456,501.2559538,265.5205099,51.5388048,598.3201866,217.7584897,68.0047865,13.8550562,169.217577,181.2644575,109.4934329,0
"2003-05",20899.75295,8460.32258,7085.322684,3964.448412,1389.659273,6638.289407,3923.398638,5276.957376,1758.67798,1736.285421,903.3999725,662.7441533,2424.060368,2298.652711,1467.707562,447.8687667,1482.041329,1548.41689,736.3237132,156.6167061,2082.07827,1964.775028,832.2405575,397.8635204,654.7259772,666.9896281,354.8439428,82.1184317,845.5656454,448.2549713,339.0252031,103.439601,529.8076498,134.5390045,96.4858829,142.5674353,442.0433408,23.6944505,137.8215506,59.1848114
"2003-06",20449.17401,8369.913573,7408.008179,3784.213028,887.039228,6173.005463,4162.913639,5583.43796,1385.050502,2255.812059,534.534294,354.4200919,2545.570398,2290.038037,1046.773749,290.6232782,1579.643774,1637.439472,827.0634006,118.7669924,2430.841466,1939.40732,987.1851366,226.0040377,485.9298637,454.6768268,295.4179253,149.0258865,929.0412391,804.6168506,452.7061642,69.4478048,276.3537696,202.2595018,42.8264444,13.0945782,122.5330624,79.5701712,132.2402081,20.0766502
"2003-07",24732.40488,11269.40015,8905.428215,3589.414913,968.1615998,7330.080928,4300.877521,7363.706506,1994.808903,2458.82151,445.7461015,838.363407,3141.761349,2898.525623,1084.895884,204.8980723,1731.256755,1593.750425,820.3713187,155.499022,3814.991013,2475.743476,691.4434311,381.5285848,762.5976475,708.4646044,472.1299176,51.6167331,996.0759339,953.7786526,360.5302095,148.4367143,194.8290222,137.548923,100.5981136,12.7700427,627.8884263,137.6165107,59.4460394,13.4124306
"2003-08",22261.93108,11512.07765,6343.519799,3614.390272,791.9433589,6638.993079,3745.55539,7112.709556,1364.501907,2374.994207,438.5234755,586.6534634,3036.199873,2217.293479,1108.432763,277.0669643,1789.448341,1123.952594,667.9222392,164.2322161,4202.136557,1995.717941,730.2119839,184.6430735,668.2866611,328.0972682,331.2553446,36.8626328,1234.326128,588.2850313,495.2297641,57.1532838,222.4996201,83.4653141,121.5955138,10.9630275,359.1804669,6.708172,159.7426636,61.0221609
"2003-09",23220.54185,11286.78396,7177.563538,4077.699814,678.4945435,6501.026075,3092.384898,7928.150743,1393.900942,3107.972281,331.2887674,865.8181442,2335.962516,2721.785578,1245.567659,197.710322,1453.03274,1046.43779,421.7655926,171.1487758,4476.226648,2064.46665,1306.141918,81.3155272,589.0581084,429.0212746,306.258129,69.5634302,1699.855457,676.3776846,631.5544941,100.1846452,146.4167309,92.7383722,90.4336469,1.7000174,586.2317551,146.7361889,75.9783745,56.8718257
"2003-10",26346.59323,13140.99693,7853.767555,3873.812929,1478.015815,8505.372737,4127.591867,7213.413459,1925.096147,3332.374321,636.6006062,606.144091,4136.330429,2696.905776,1398.376346,273.7601862,1841.450701,1688.862211,415.0554731,182.2234821,3738.526413,1833.823324,867.0352293,774.028493,1022.554805,453.2064896,376.4902444,72.8446085,1684.250242,901.8539386,599.8949572,146.3751834,406.4377136,170.6568329,55.9357253,3.5703344,311.446627,108.458983,161.0249538,25.2135272
"2003-11",22055.83036,10154.05075,7048.046302,3926.207644,927.5256575,6295.350986,4212.434367,6793.268891,1637.012713,1983.47429,819.6980123,314.5910977,2669.033226,2283.520639,1120.289615,222.5075064,1831.563279,1701.450799,554.3390229,125.0812662,3580.653915,1526.21373,1258.036853,428.3643931,697.854533,626.8769399,252.2957164,59.9855241,902.8232131,513.9863685,479.7368261,86.9278823,404.2730952,311.2455215,103.2560878,0.9233078,67.8494921,84.7523048,158.2535232,3.7357776
"2003-12",21808.02754,8202.935579,9958.458743,3151.547229,495.0859883,7803.982633,4248.173856,5032.697948,1186.954846,2386.167773,832.2991047,317.7513793,2526.515133,3917.665977,1194.804215,164.9973082,1534.707521,2183.254931,467.3830053,62.8283986,2675.296645,1979.833021,317.5059574,60.0623245,326.2700883,570.2260638,255.1174755,35.3412183,838.1173033,883.8395486,617.9651872,46.2457336,211.6420104,407.0536067,95.8221659,117.7813217,90.3868786,16.585594,202.9492233,7.8296834
"2004-01",45954.22769,24775.24474,17431.15227,2751.119245,996.7114378,15977.94388,9729.293249,9711.743918,3874.738796,4231.369611,2124.839084,304.2991553,7980.506756,6470.930173,1193.11059,333.3963596,5701.328968,3458.749227,401.5282175,167.6868358,5328.283905,3480.089779,535.440186,367.9300484,1841.28505,1593.027926,369.1711231,71.2546969,2660.233505,1346.277597,177.2584495,47.6000586,1111.110295,946.7881507,61.8433918,5.097247,152.4962634,135.2894135,12.7672869,3.7461915
"2004-02",18388.42555,8034.641695,6351.65133,3378.57151,623.5610121,5884.629782,3771.014345,4189.190884,1454.007169,1516.867982,1240.902896,331.8124891,2518.067554,1983.091205,1227.883529,155.5874935,1661.087309,1449.478185,538.0628711,122.3859802,1876.215303,1451.929737,724.7705978,136.2752457,539.2695465,540.4189283,267.2168724,107.1018221,754.068916,418.7008233,266.8710572,77.2271852,671.5747928,498.8849179,58.2815378,12.1616477,14.3582731,9.1475338,295.4850445,12.8216377
"2004-03",20679.71485,9679.395267,6781.215827,3357.52374,861.5800161,6383.914811,4581.274457,4402.59517,1610.139224,2234.531363,1173.226985,294.0328418,2868.059245,2405.367265,902.8630839,207.6252179,2325.855322,1388.456943,600.9173056,266.0448859,1784.370275,1568.064405,909.9355449,140.2249449,878.3505679,448.3388563,213.6546885,69.795111,1098.007705,631.3743555,374.8877277,130.2615742,679.9233216,303.8787083,142.3694014,47.0555533,44.8288306,35.7352942,212.8959881,0.5727289
"2004-04",27513.78446,13774.46438,10081.73429,2820.653137,836.9326512,9751.524831,5522.701971,5903.736352,2373.860029,2429.862057,1155.034572,377.0646439,4524.377249,4124.468136,874.8451369,227.8343096,2771.710164,1894.50195,646.315464,210.1743932,2899.203077,2259.023474,626.7282422,118.7815597,1224.175655,733.317084,307.1667747,109.2005152,1436.360304,620.8428698,237.0006382,135.6582449,685.0609837,359.9321082,97.4656943,12.5757855,233.5769479,89.6486664,31.1311865,22.7078431
"2004-05",19944.62669,7954.196986,7135.771043,3753.292467,1101.366198,6059.550779,4275.064545,5029.465578,1577.648552,2027.868796,533.4521346,441.57631,2321.265154,2352.95262,1112.826283,272.5067222,1708.323936,1459.095027,761.1683164,346.4772663,2333.660745,1744.764327,729.8714498,221.1690559,549.5776905,684.3326433,272.4877866,71.2504315,679.3396113,627.226752,573.1091488,148.1932841,197.246938,169.4103731,125.0253852,41.7694383,164.782911,97.9893015,178.8040975,0
"2004-06",18810.9118,7863.567428,6780.290212,3417.330567,749.7235929,5815.758762,3747.366185,5280.873664,1056.284715,1794.18081,562.3632154,554.0844491,2321.932494,2321.211417,949.5249539,223.0898975,1400.69246,1613.051578,593.3238459,140.2983021,2821.795133,1460.268605,812.5032394,186.306687,395.0048751,294.9339256,310.3973362,55.948578,491.6355049,691.8095755,518.429663,92.3060663,265.2393439,134.8695445,122.9640966,39.2902304,167.2676181,264.1455678,110.1874316,12.4838316
"2004-07",26337.14806,12016.72592,9125.014256,4518.23258,677.1752967,7498.357752,3878.810663,8485.275544,1772.798988,3168.49694,356.6670955,1176.741073,3074.167291,2891.062618,1323.505591,209.6222528,1719.751971,1341.183586,689.7672298,128.1078765,4113.605875,3099.121753,1075.845598,196.7023181,766.0672625,619.5595441,336.4594328,50.7127482,1354.213062,935.6172092,808.0394015,70.6272678,115.513449,108.3767417,115.142034,17.6348708,873.4070129,130.0928048,169.473293,3.7679625
"2004-08",22641.47647,10943.6126,7330.874857,3650.773448,716.215569,6258.630961,3603.240406,7673.970074,1179.470223,2609.929982,369.1393481,947.0954768,2772.696882,2334.57003,989.9796203,161.3844287,1460.543871,1396.187375,639.885686,106.6234735,4129.420902,2220.637946,1149.951412,173.9598153,342.9051374,348.3757359,418.3082283,69.8811212,1560.042048,633.998627,236.505949,179.3833576,132.2290667,95.3972847,116.529624,24.9833727,545.7746887,301.7078591,99.612929,0
"2004-09",23963.5653,12432.91415,6773.781146,3794.854364,962.0156341,6896.364422,3438.463714,8345.878092,1495.834803,2738.595151,371.0946903,677.3344241,2771.961628,2662.021869,1024.370449,438.0104749,1483.730834,1254.396864,549.7460814,150.5899345,5500.685736,1749.22752,886.9133589,209.0514769,676.8672553,340.5461902,387.0405706,91.3807868,1478.790295,482.5736242,705.1773858,72.0538456,104.4417276,145.3579829,120.3658644,0.9291154,416.4366759,139.6570942,121.240654,0
"2004-10",26529.3467,13865.3173,7968.797879,3699.037456,996.1940648,9038.788616,3652.75652,7789.998943,1921.573585,3002.296257,679.9553657,443.9774125,4279.877383,3164.955176,1307.505881,286.4501757,1797.150422,1175.44327,507.0093987,173.153429,4527.251461,1985.699618,975.7689657,301.2788987,1043.693365,506.7566165,278.7724632,92.3511399,1656.366066,796.0552974,425.1148675,124.7600262,333.6157734,207.0583808,131.4837442,7.7974673,227.362829,132.8295203,73.3821352,10.402928
"2004-11",20951.85563,10062.61728,6991.563859,3124.657548,773.0169439,6245.076044,4229.425206,5612.894214,1616.55125,2231.766986,714.0725696,302.0693625,2743.360934,2448.788077,904.5711989,148.3558344,1917.356334,1604.804411,638.940866,68.3235946,3053.21786,1583.28643,741.9540574,234.4358669,494.5750771,647.9251101,289.7678942,184.2831682,1243.040245,484.9692362,372.5839273,131.1735766,412.6063638,168.1437279,130.7267963,2.5956816,198.4604661,53.6468672,46.1128076,3.8492216
"2004-12",21558.40127,6445.533788,10009.97203,3402.149136,1700.746318,7302.402723,3878.44985,4933.56078,1467.909978,2677.73592,755.0817342,543.2602839,1800.141079,3657.662393,779.3374827,1065.261768,1404.00596,1826.369408,536.6187804,111.4557013,1747.031257,2374.756679,531.9962859,279.7765589,516.6762075,679.5827312,187.1729358,84.4781033,619.5035143,679.4502882,1261.733018,117.0490995,311.9558645,356.4310526,46.7806195,39.9141976,46.2199052,435.7194755,58.5100136,2.8108896
"2005-01",43751.91539,25315.29099,15386.19956,2194.77137,855.6534758,14664.63423,10234.12199,10239.38745,2953.566486,3534.461165,1751.370173,374.3738923,8707.940267,5075.518738,673.6063096,207.5689158,6034.061541,3521.16215,439.4069305,239.4913712,5691.078756,3728.420646,646.2441287,173.6439218,1513.620671,1311.090896,81.2747171,47.5802023,1989.521452,1187.432493,193.2546667,164.2525536,1172.3542,487.4222145,73.8197472,17.7740117,206.7141014,75.1524218,87.1648697,5.3424994
"2005-02",17925.08835,8135.250476,5765.268616,3124.020235,900.5490272,6269.11852,3368.723991,4355.004003,1330.282974,1545.320217,876.2197841,180.4188653,2970.427653,2100.593808,929.2228139,268.8742451,1689.985363,1142.852268,366.5517824,169.3345777,1718.819579,1382.257034,1037.996861,215.9305299,676.4820979,345.5579987,213.7417228,94.5011541,595.5305929,517.5862866,370.6765994,61.5267384,453.7430676,267.7635816,140.0751693,14.6379656,30.2621236,8.6576387,65.7552866,75.7438164
"2005-03",23291.67957,10641.75521,7643.73782,3754.42791,1251.758629,8383.472997,4932.182977,5018.770092,1667.095869,2082.682098,1015.665391,191.8101438,3405.315415,2656.097499,1964.938445,357.1216387,2518.481718,1699.549036,484.5254382,229.6267854,2516.186534,1727.230948,466.8911332,308.4614759,655.5287249,560.6423674,312.0060396,138.9187371,968.331231,592.59666,355.0293885,166.7248182,529.2271007,358.8969312,76.6361859,50.9051733,48.6844856,48.7243777,94.4012805,0
"2005-04",22340.80985,10776.26306,7616.415265,2515.344468,1432.787051,7437.208664,4282.243083,5383.009136,1471.779411,2776.880443,647.5821085,342.1070012,3400.403598,2624.226968,802.0134096,610.5646881,2120.121475,1540.861182,447.9004317,173.3599955,2685.970092,1765.20296,630.2724562,301.5636278,814.6351106,390.8121488,161.9528494,104.3793025,1181.045536,1088.819058,315.2016938,191.8141553,382.6745633,177.048377,71.5004417,16.3587265,191.4126873,29.4445728,86.5031857,34.7465554
"2005-05",18560.11524,7624.366046,6204.463963,3639.246238,1092.038993,5927.198702,3236.527831,5234.240779,1156.602607,1781.901452,584.627222,639.0166482,2323.434297,2139.336445,1212.785195,251.6427652,1345.36983,1287.580935,440.4907677,163.0862977,2225.241408,1607.657455,909.5546641,491.7872514,584.8618814,375.1088603,125.3446858,71.2871796,688.783226,322.0297244,723.5954357,47.4930659,196.2916308,278.9927593,74.6129961,34.7298358,260.3837726,193.7577851,152.8624933,32.0125972
"2005-06",17871.31112,8158.708239,5854.148196,3057.326288,801.1283994,5338.921552,3005.940038,5001.10715,1233.474805,2300.0945,424.2597632,567.5133145,2071.022126,2056.661553,891.4855382,319.7523341,1332.711083,1026.444273,561.1107827,85.6738993,2534.093256,1606.460082,732.090297,128.4635157,627.8845689,349.6631098,208.0065692,47.9205571,1058.621213,580.5218068,460.3605431,200.590937,150.8406433,118.2786642,143.7368787,11.403577,383.5353489,116.1187078,60.5356786,7.3235792
"2005-07",22545.15652,10513.1657,7341.066448,3671.949143,1018.975232,7120.697924,3675.597858,6416.163393,1342.356803,2237.511282,638.6800283,1114.149231,2680.128213,2774.793911,1290.514517,375.2612834,1496.769646,1376.882275,584.0056112,217.9403263,3719.90236,1582.892739,909.0866216,204.2816731,537.5356325,499.6835618,231.0726249,74.0649842,1178.073797,610.019475,388.339653,61.078357,289.3840379,234.9340495,103.7370073,10.6249336,611.3720105,261.8604379,165.1931084,75.723674
"2005-08",19990.55049,9916.255825,5882.198975,3582.707669,609.3880211,6107.475785,2856.399671,6113.435751,1302.038628,2198.1789,293.9980463,1119.02371,2599.564752,2239.121031,1065.910698,202.8793032,1189.188435,1047.743433,526.1899187,93.2778841,3605.521601,1280.352725,1048.803275,178.7581505,692.8764202,314.4655908,250.3886717,44.3079449,1072.825093,620.4740502,443.8178761,61.061881,121.4276208,101.41904,50.201834,20.9495515,634.8519026,278.6231057,197.3953954,8.1533059
"2005-09",23471.88438,11780.74092,6783.168554,3846.054967,1061.919943,6306.584836,3698.74595,8083.420425,1270.229199,2839.995818,459.842455,813.065702,2911.946083,1910.554649,1154.174279,329.909826,1909.448206,1042.464897,622.2580819,124.5747653,4294.294204,2296.622205,1107.86514,384.6388763,668.8162304,317.6423328,192.6920182,91.0786171,1233.027328,997.7654788,546.2134899,62.9895209,213.325138,138.1725768,103.4157006,4.9290396,549.8837316,79.9464151,119.4362577,63.7992976
"2005-10",20946.52562,10116.7751,6003.936097,3558.735064,1267.079359,6534.855172,3660.061724,6357.081214,1571.858037,2051.911428,370.7734088,399.9846356,3009.625357,2170.345153,1010.116562,344.7681009,1831.591434,1063.780275,653.940842,110.7491734,3103.472545,1602.53886,1013.406006,637.6638042,790.7048775,517.2432447,203.9643986,59.9455157,985.260544,540.7386005,451.1489105,74.7633734,173.6193779,71.4868437,103.8287009,21.8384863,222.500965,37.8031211,122.3296443,17.3509052
"2005-11",20242.94043,8884.608406,5855.10706,3791.391914,1711.833046,6103.291673,3620.320939,5631.535258,1438.907142,2536.300675,636.0713957,276.5133425,2459.665779,1893.202833,1136.620111,613.8029498,1632.328155,1067.416021,748.5727429,172.0040202,2855.758154,1456.633609,797.5896952,521.5538,557.8081727,444.6246076,226.9743725,209.4999889,893.0296381,838.0791561,656.8590902,148.3327906,363.125856,124.8222608,129.9405828,18.1826961,122.8926508,30.3285729,94.8353188,28.4568
"2005-12",21215.37253,7927.756396,8159.367611,4150.435624,977.8129029,6665.740173,4155.118708,6054.469382,1440.024275,2166.371423,596.1048125,137.5437595,2129.218126,3415.861444,881.367596,239.2930073,1522.914423,1621.019638,663.9339621,347.2506854,2329.161645,1854.490061,1687.148642,183.6690341,670.1898448,437.5338236,257.9967006,74.3039061,932.0669936,601.7898795,543.2032333,89.3113169,309.0454632,190.3087057,57.2367977,39.5138459,35.1599016,38.3640587,59.548692,4.4711072
"2006-01",45393.80856,27139.83722,14797.41412,2497.188148,959.369079,16220.05196,10051.65556,10654.39165,3365.706644,3225.626667,1538.673848,337.702246,9306.912608,5756.163749,725.381061,431.594537,6417.922724,3227.793226,234.120545,171.81906,6241.383654,3181.482522,1066.600377,164.925093,1925.891466,1165.166072,227.128826,47.52028,1946.915478,1066.875001,129.990714,81.845474,1086.132255,359.785599,41.596175,51.159819,214.679032,40.147948,72.37045,10.504816
"2006-02",17554.01131,7919.619033,6018.184564,2481.697495,1134.510215,5745.274984,3739.433882,4029.052025,993.737356,1636.707651,935.588917,474.216492,2612.523171,2006.239663,837.340436,289.171714,1830.969425,1119.855217,537.264951,251.344289,1990.258102,1365.994218,446.897006,225.902699,357.228107,365.399399,174.535841,96.574009,652.790909,586.438716,297.476537,100.001489,421.604287,242.969721,126.731883,144.283026,54.245032,331.28763,61.450841,27.232989
"2006-03",19058.07034,8566.749015,5370.590611,3735.490384,1385.240329,6107.241362,4287.839002,3937.063105,1452.864915,2105.036142,953.08215,214.943663,2457.214353,1972.585638,1008.178668,669.262703,2263.130614,1201.012251,485.623885,338.072252,1524.343584,1178.992846,1090.970235,142.75644,778.20959,359.539148,194.773971,120.342206,747.443914,488.780265,778.369598,90.442365,720.961447,105.675345,105.982976,20.462382,75.445513,64.005118,71.591051,3.901981
"2006-04",26099.91727,13607.89028,8628.538419,3026.701458,836.787108,8882.288487,4894.818436,5824.930706,2015.33394,2822.534504,1329.904874,330.106319,4409.895801,3231.930029,938.603709,301.858948,2629.835714,1615.360596,563.876879,85.745247,2844.715408,2082.725112,681.667889,215.822297,1218.462061,503.446003,211.912733,81.513143,1314.418207,889.260667,519.64942,99.20621,1033.754456,193.259354,56.331676,46.559388,156.808634,112.556658,54.659152,6.081875
"2006-05",19726.45169,8122.344035,7317.388944,3473.582289,813.136422,5967.944482,4015.336706,5328.931648,1441.449546,1888.024785,797.5257,287.238823,2360.245048,2425.357758,1009.760047,172.581629,1336.70871,1864.972824,559.922399,253.732773,2554.994745,1791.093974,778.222194,204.620735,583.713303,456.795855,284.725737,116.214651,638.120401,503.161208,697.538345,49.204831,441.374509,251.859967,93.596337,10.694887,207.187319,24.147358,49.81723,6.086916
"2006-06",20867.85172,9200.114519,6998.833738,3597.127942,1071.775519,6765.01658,3954.026495,5324.291198,1436.66445,2099.560685,557.485167,730.807143,2728.425573,2424.551107,1198.164196,413.875704,1584.089458,1709.598412,461.5377,198.800925,2581.155757,1580.703859,943.498109,218.933473,645.927489,414.798437,331.939027,43.999497,890.357807,597.876945,496.169421,115.156512,273.702171,199.889761,28.884367,55.008868,496.456264,71.415217,136.935122,26.00054
"2006-07",22465.06687,9999.341444,7355.437109,4142.667088,967.621225,7189.347525,3692.672881,6556.879333,1200.208538,2319.766237,549.319474,956.872878,3178.52946,2499.814219,1228.327363,282.676483,1348.752735,1357.001358,831.854323,155.064465,3037.536907,2073.090189,1171.202765,275.049472,502.708251,407.278782,188.159573,102.061932,1159.28811,564.805453,496.567438,99.105236,204.778587,162.860792,156.749866,24.930229,567.747394,290.586316,69.80576,28.733408
"2006-08",19625.30134,9371.341538,5660.161867,3695.600887,898.197051,6162.168076,3140.247841,6118.889917,945.868713,2114.852164,369.992605,773.282027,2616.32275,2059.538923,1235.337862,250.968541,1234.843609,1066.600134,657.234693,181.569405,3500.985222,1519.275948,927.932393,170.696354,351.329328,332.741064,194.930992,66.867329,1019.447386,473.119045,456.420623,165.86511,125.273848,150.191602,47.342292,47.184863,523.139395,58.695151,176.402032,15.045449
"2006-09",22937.41552,11786.09795,6737.967434,3509.488007,903.862129,6745.889003,3333.09324,7038.375025,1302.937295,3106.443408,498.373464,912.30408,3227.989943,2228.985466,985.172085,303.741509,1488.732281,1166.303703,567.108498,110.948758,3676.418274,2147.768178,1025.368747,188.819826,590.253962,313.414861,282.104512,117.16396,1921.797399,537.928482,490.645184,156.072343,213.429357,208.825472,61.574594,14.544041,667.476729,134.741272,97.514387,12.571692
"2006-10",28016.36495,15238.06031,7811.085091,4038.510926,928.708621,8303.439583,4200.086348,8437.580678,1992.818392,3592.935693,533.787084,955.71717,4319.836965,2560.206809,1120.659544,302.736265,1914.47253,1227.431212,887.006281,171.176325,4808.1558,2338.549115,1108.985424,181.890339,1086.356071,508.718424,321.978445,75.765452,2138.568913,907.645868,410.193569,136.527343,256.033777,108.591647,113.763365,55.398295,714.636254,159.942016,75.924298,5.214602
"2006-11",19759.41263,9065.151797,5821.281234,3599.685011,1273.294584,5934.059347,3472.471572,6013.842447,1169.460212,2130.607048,435.234717,603.737283,2477.096679,2117.01297,1032.050754,307.898944,1800.013175,1108.755501,431.773377,131.929519,2810.587996,1367.021965,1156.64065,679.591836,565.074031,401.831524,152.05623,50.498427,973.02137,563.195326,511.82528,82.565072,246.963402,85.289683,82.747486,20.234146,192.395144,178.174265,232.591234,0.57664
"2006-12",21187.56004,8088.785431,9168.636885,3109.126721,821.011006,7007.086144,4412.955997,5271.116861,1566.152394,2133.618924,602.462034,194.167689,2431.628556,3425.469006,971.197596,178.790986,1586.383701,2135.588773,569.675756,121.307767,2380.673749,2005.443197,644.02392,240.975995,555.235043,716.120989,203.614748,91.181614,714.934738,709.364019,553.809206,155.510961,380.654832,117.118771,83.876257,20.812174,39.274812,59.53213,82.929238,12.431509
"2007-01",44766.50651,27536.05026,14400.22707,1784.710859,1045.518319,16118.04831,10523.72208,9640.19687,2739.508965,3535.683181,1927.839361,281.507748,9968.062738,5133.360458,519.3658636,497.2592462,6796.589389,3242.280815,354.1842098,130.6676654,5504.617557,3458.908597,463.4447453,213.2259715,1787.455169,718.7686162,152.7119878,80.5731916,2183.25106,1101.131458,152.572386,98.7282774,1178.776973,683.2028517,46.5771806,19.282355,117.2973702,62.5742799,95.8544861,5.7816118
"2007-02",18209.33385,8543.617677,5123.183576,3003.238896,1539.293703,5375.61412,3160.311162,4979.285459,1286.289691,2199.777681,896.5009336,311.5548069,2462.719206,1703.997752,990.3445343,218.552628,1494.866509,1132.770943,413.9791644,118.6945455,2323.735104,895.6959478,764.9533774,994.9010298,597.4666616,445.5424757,183.0414887,60.2390645,989.2028867,647.3990654,511.7282617,51.4474674,573.5476315,156.4163127,72.9755042,93.5614852,102.0796784,141.36108,66.2165657,1.8974828
"2007-03",22714.37407,10644.5858,6286.737013,5168.312221,614.7390378,6576.960304,5049.41675,5140.344056,1994.125666,2191.621975,1389.903858,372.0014616,2941.248009,2008.711773,1443.878766,183.1217561,2127.843286,1282.683655,1484.312967,154.5768418,2606.470524,1385.938878,1088.418904,59.5157498,1048.783735,632.2839007,263.3772999,49.6807302,840.0345669,604.7433189,594.8794407,151.9646481,949.1366793,327.8412533,105.6838685,7.2420568,131.0689979,44.5342333,187.7609754,8.637255
"2007-04",26968.60531,14378.73,8712.60971,2933.229868,944.0357283,9522.323355,5105.790903,6543.396738,1863.807451,2772.377805,822.2152762,338.6937827,4531.367705,3486.790135,967.0200385,537.1454764,2665.671809,1760.454916,565.231146,114.4330317,3836.463631,2006.878962,581.5355695,118.5185755,1015.263977,535.20678,254.3752635,58.9614299,1594.261018,688.5331337,405.1912474,84.3924056,529.1391009,190.5728428,96.9857248,5.5176077,206.5627634,44.1729393,62.8908785,25.0672015
"2007-05",18453.97753,8205.323951,5837.886108,3647.557613,763.2098622,5533.674399,3113.912906,5420.612777,1137.263046,1808.447998,591.336538,848.7298699,2148.964029,2097.802398,993.136124,293.7718483,1429.032519,1025.290723,565.4571951,94.1324688,2742.675945,1549.388943,1005.157975,123.3899137,462.9237393,385.2197567,208.0074633,81.1120867,666.5048258,429.9419893,613.4309981,98.5701852,333.5477867,122.335202,104.2440668,31.2094825,421.6751065,227.9070961,158.1237903,41.023877
"2007-06",21437.72823,8848.136435,6518.202376,4842.747312,1228.642109,5686.430854,3517.132402,5706.47206,1472.26711,3324.098956,795.9776795,935.3491713,2363.262759,2043.561417,922.9395836,356.6670948,1404.441989,1248.900815,672.9000746,190.8895227,2318.096108,1948.852171,1148.458579,291.0652019,612.3345348,468.1306147,322.4936699,69.3082904,1238.898221,491.4661716,1313.036418,280.6981448,334.731903,161.0417561,278.4329138,21.7711066,576.3709207,156.2494308,184.486072,18.2427478
"2007-07",24212.33816,11521.67222,7602.385993,3971.247135,1117.032812,7212.550167,3781.844625,7687.25016,1594.706197,2501.602801,531.3214187,903.0627896,3291.98689,2353.963012,1215.261342,351.3389222,1690.700183,1318.533422,654.2079916,118.4030283,3874.122036,2455.132094,1018.735287,339.2607428,739.2765137,527.2770586,258.1131919,70.0394332,1065.907583,617.6067733,632.2642315,185.8242134,254.2469259,172.9431258,89.4861339,14.6452331,605.4320869,156.9305077,103.1789565,37.5212385
"2007-08",20687.7592,9508.90294,5712.624469,4399.300692,1066.931097,5510.754119,3013.677031,6101.513112,1090.807418,3808.063229,263.6556656,899.2886233,2374.730596,1737.08378,979.3986395,419.541104,1205.344914,868.949168,769.0576382,170.325311,3153.599119,1671.304505,1145.114177,131.4953109,430.9155455,353.4248547,246.5597876,59.9072305,1724.136803,922.3834717,942.4035995,219.139355,69.9525772,66.1513948,67.8106659,59.7410277,550.2233854,93.3272948,248.9561848,6.7817583
"2007-09",23677.35371,12250.70742,6591.136975,3827.349351,1008.159967,5935.806375,3691.343724,8666.491398,1443.613843,2688.117101,465.8989297,786.0823413,2687.062266,2018.183256,937.5501434,293.0107098,1593.811195,1302.443327,594.0071566,201.0820454,4914.89981,2115.213776,1293.894626,342.4831861,568.3591068,394.4570493,387.2673535,93.5303335,1735.438792,471.0294423,426.4260486,55.2228177,204.8723315,178.6803952,79.6574823,2.6887207,546.2639164,111.1297303,108.5465408,20.1421538
"2007-10",27442.5671,14219.67306,7644.570665,4316.802364,1261.521008,8767.219695,4594.665892,7345.663314,1783.557711,3376.339778,863.4030566,711.7176501,3896.411676,3365.50115,1092.660868,412.6460006,2406.251848,1259.872351,773.7947921,154.7469013,4322.140344,1734.890807,1033.873588,254.7585759,895.9837462,523.929771,257.3456252,106.2985685,1806.105444,561.4604352,745.5572656,263.2166329,434.0029512,148.0920389,214.2547191,67.0533474,458.777051,50.8241119,199.3155057,2.8009815
"2007-11",19875.61456,9286.445384,6133.937065,3640.8676,814.3645152,5982.578144,3808.350287,5241.302166,1479.303376,2017.791396,837.0829563,509.2062383,2467.553605,2078.773756,1055.390547,380.8602361,1595.368461,1386.071244,711.2532904,115.6572911,2998.312347,1405.747836,695.564895,141.6770877,590.7077664,495.2823548,324.7624246,68.55083,887.5988456,481.2228794,580.8167713,68.1529001,476.8113191,241.0597059,79.7457611,39.4661702,270.0930394,45.7792882,193.3339107,0
"2007-12",21264.85981,9089.405806,8543.177932,2847.34267,784.9334066,6818.60118,4215.669651,5618.577782,1366.961862,2251.989952,758.5228198,234.5365654,2883.33177,2870.118687,934.6592103,130.4915124,1523.166776,2054.492982,404.385619,233.6242737,2871.290573,1934.346671,526.9760053,285.964533,539.2205247,613.7871208,142.5828459,71.3713709,715.5910021,776.6961846,705.2745706,54.4281948,434.6097622,246.2460101,70.7161812,6.9508663,122.195397,47.4902757,62.7482372,2.1026555
"2008-01",44507.35736,28137.1547,12001.20578,2327.544663,2041.452224,15364.49497,10039.07348,10627.58294,3349.779666,3439.360218,1392.358363,294.7077235,9489.296166,4783.634122,787.1116975,304.4529869,7206.358641,2290.26694,443.1777215,99.2701812,6143.359867,2613.46154,336.8433694,1533.918162,2056.947469,1050.478757,188.7837683,53.5696717,2178.831819,880.6919738,340.1604094,39.6760166,939.6626911,353.7533069,89.3059928,9.6363724,122.6980463,28.9191399,142.161704,0.9288333
"2008-02",18003.95831,8201.125649,5934.716185,3084.767815,783.3486651,5880.016793,3717.015552,4542.575299,1120.993476,1622.749788,899.5194859,221.0879215,2636.956729,2263.293208,757.6273011,222.139554,1734.168658,1157.858977,710.9874618,114.0004549,2094.957509,1420.676117,777.5436115,249.3980615,512.7232307,335.0540612,207.6670559,65.5491277,555.1434801,505.2182477,483.6573308,78.7307289,543.7942337,244.5871512,96.8714058,14.2666952,123.3818074,8.0284231,50.4136481,39.2640429
"2008-03",24004.00094,12374.74564,7170.220498,3694.881075,764.1537252,7637.132488,5145.920821,5700.453199,1618.450415,2417.66051,1229.306294,255.077216,3759.89566,2561.363825,960.2381655,355.6348364,2908.319081,1416.615065,646.5908848,174.39579,2721.041295,1781.841927,1106.744196,90.8257816,877.2798888,477.3244779,246.6161056,17.2299428,1077.242603,625.5743089,624.2986974,90.5449013,900.8728266,250.6138552,53.1569403,24.6626717,130.0942898,56.8870387,57.2360861,10.8598014
"2008-04",21568.50254,10817.77368,7025.176452,2961.966669,763.5857373,7300.162322,3928.527817,5174.031691,1555.602468,2045.239741,1144.374186,420.5643163,3537.43293,2433.523114,938.3237208,390.8825577,2121.044223,1287.774583,417.5731601,102.1358502,2600.510716,1866.91817,614.0425436,92.5602614,813.3843591,393.8228167,318.4244263,29.9708655,960.4078184,500.9052521,462.0224452,121.9042249,609.4434436,447.7138648,68.1687638,19.0481139,175.5501924,94.5186514,143.4116088,7.0838637
"2008-05",19103.32245,8230.056629,6195.947294,3945.868455,731.4500773,6067.520867,3719.06954,5131.381109,1320.924268,1914.208542,397.5686349,552.6494945,2459.841041,2141.891605,1201.480466,264.3077553,1389.509702,1539.803183,695.1573462,94.5993086,2475.651035,1540.123572,1044.007558,71.5989439,534.6277529,375.5112719,247.2628308,163.5224124,932.0669486,395.6046766,496.5424467,89.99447,244.0966955,91.1651707,45.1194405,17.1873282,194.2634546,111.8478142,216.2983668,30.2398589
"2008-06",18335.18474,8412.363832,6136.278667,3001.673826,784.8684192,5561.854803,3378.745423,5085.196664,1081.179522,1942.504273,530.9767367,754.7273214,2307.36194,2049.308847,951.8669831,253.3170331,1577.514851,1251.240047,335.2083002,214.7822249,2523.851696,1790.301666,591.6466454,179.3966571,414.7964045,346.8566928,285.9265505,33.5998742,818.0575099,468.7560133,565.0902019,90.6005475,300.1756799,133.6607183,87.3862741,9.7540644,470.6057505,96.1546823,184.5488706,3.418018
"2008-07",23336.28752,12087.95979,6816.339034,3386.409394,1045.579309,6835.426269,3739.142923,6651.270709,1369.744603,2891.601525,446.1629822,1402.938511,3213.897576,2137.27145,1005.750839,478.5064044,1613.80259,1540.864089,446.3927643,138.0834789,3568.681609,1826.986325,934.1530048,321.44977,678.9617435,412.4555768,246.1342046,32.193078,1745.376973,574.4043902,505.1347947,66.6853672,227.2560403,152.2751062,63.3790033,3.2528324,1039.983255,172.0820958,185.4647827,5.4083783
"2008-08",22823.02906,11225.12212,6784.928308,3945.462726,867.5159081,6289.383454,3810.794889,7567.770773,1223.830664,2608.924748,377.5728311,944.7517054,2884.829296,1901.186868,1214.907697,288.4595935,1522.387661,1435.596007,604.315264,248.4959569,4519.574715,2010.903809,901.1448208,136.1474277,504.9135626,336.4502058,284.5087412,97.9581548,1153.163284,717.5595006,678.7561,59.4458634,193.0043156,107.0018559,72.0631581,5.5035015,447.2492885,276.230062,189.7669446,31.5054103
"2008-09",19684.87598,9608.826465,5861.317592,3368.033249,846.6986726,5556.062883,3419.262238,5620.68034,1279.639669,2704.25583,472.2090318,632.7659867,2287.934338,1935.31677,1159.56668,173.2450957,1571.664539,1181.8781,587.3721667,78.347433,2840.701485,1714.421808,723.9400163,341.617032,578.7922225,395.9420225,264.168496,40.7369277,1659.939641,443.4757223,444.2541899,156.5862766,231.7682257,149.4332068,72.7802782,18.2273211,438.0260145,40.8499638,115.9514219,37.9385865
"2008-10",22791.16592,11299.93132,6990.508759,3883.244009,617.4818301,7658.09257,3779.801919,6184.320972,1907.726696,2317.163478,346.9666365,597.0936444,3791.366218,2227.100867,1399.309401,240.3160842,1756.648593,1255.614702,664.4909752,103.0476488,3207.80743,2021.947976,793.2458956,161.3196697,709.3937598,657.300675,476.3014707,64.73079,1345.815585,654.9013747,283.2505012,33.1960176,162.9476441,63.2857607,107.799684,12.9335477,325.9520868,110.3574038,158.8460817,1.9380721
"2008-11",21337.26687,10770.20193,5855.266282,3596.267939,1115.530718,6143.435289,4786.66776,5856.080554,1479.863706,2004.710812,604.483464,462.0252844,2928.329598,1914.118322,985.6296274,315.3577415,2578.334901,1360.855087,676.5681597,170.9096122,2984.085912,1640.428559,770.2874953,461.2785884,687.9581267,376.2642944,368.1630653,47.4782196,996.5955312,406.5182221,504.8162911,96.7807676,353.5335347,115.0097618,123.8533445,12.086823,241.3643275,42.0720352,166.9499559,11.6389658
"2008-12",19799.31322,7940.205925,8056.689172,2887.036984,915.3811361,6937.730642,3566.751723,5362.365523,1521.679023,1604.788323,728.2541817,77.7438025,2887.643697,3085.264234,791.8096418,173.0130695,1380.817333,1663.197118,433.2753649,89.4619065,2207.360189,1823.958746,1059.463556,271.5830316,571.2061996,612.499354,111.2730459,226.7004234,600.2465821,536.327662,328.5519081,139.6621705,273.2848192,325.687544,120.7189197,8.5628988,19.6471051,9.7545139,41.9445477,6.3976358
"2009-01",40496.15713,25717.16859,12067.93487,2154.782609,556.2710597,14528.19854,8958.007262,9287.154473,2619.431764,3314.367478,1439.935092,349.0625246,9645.499968,4089.684787,590.8552613,202.1585214,5880.071289,2480.52149,518.6204085,78.7940744,5843.722813,2837.838271,507.3034837,98.2899045,1381.017619,1007.882971,150.3885676,80.1426068,1818.479179,1093.494119,317.5021666,84.8920126,994.9274499,413.442332,29.6193508,1.9459592,153.4502748,145.0708985,40.4933705,10.0479808
"2009-02",15534.87099,7321.267398,5076.531261,2432.708151,704.3641773,4949.940343,3175.791554,3466.686636,1358.47366,1528.635409,873.2523108,182.0910746,2447.408093,1565.722722,701.0714203,235.7381071,1293.328259,1325.587195,374.9085472,181.9675538,1664.220009,1222.518745,454.2513418,125.6965408,465.1204313,492.1839084,330.9732313,70.1960893,748.2130123,343.9153789,353.9028988,82.6041185,673.4413866,104.4565218,90.0825769,5.2718255,29.5362075,22.1467902,127.5181346,2.8899423
"2009-03",17976.38786,8716.370547,5887.952733,2634.065988,737.998592,6157.784101,3511.617113,4019.370128,1463.324038,1713.856511,883.9117871,226.5241814,2896.490569,2300.172008,742.5544356,218.5670888,1812.362443,1173.381274,405.5062687,120.3671286,1924.979481,1223.666038,784.2592836,86.4653258,641.4186431,428.2207422,208.5541453,185.1305069,690.7089527,595.1052406,341.1349929,86.9073244,680.1489639,134.7881375,38.362507,30.6121787,70.2614948,32.6192932,113.6943546,9.9490388
"2009-04",22254.28783,12097.51991,6625.987363,2748.928617,781.8519494,7340.198275,4342.278167,5188.21256,1728.273791,2263.637199,966.6541707,425.0336707,4071.071432,2440.85693,614.9866396,213.2832728,2520.044287,1274.037275,502.6098747,45.5867308,2736.218028,1476.398543,668.265428,307.3305607,986.7672936,402.7069206,244.1214655,94.6781117,1139.747261,535.6037822,536.3041272,51.9820287,504.2331614,412.3092779,41.712619,8.3991124,139.438442,84.0746337,140.9284627,60.5921323
"2009-05",18453.28082,8747.824208,5856.276257,2817.872569,1031.307782,5754.182613,3823.154968,4803.720498,1355.554484,1456.954989,657.1096516,602.6036119,2534.914659,1993.876518,904.2006434,321.1907931,1788.451153,1175.138013,624.1805206,235.3852811,2439.929272,1521.597066,602.3916306,239.80253,736.3066391,274.3901678,216.8699518,127.9877256,668.3485015,468.3616744,254.8773449,65.3674678,340.9956612,214.9355332,84.3688664,16.8095908,238.8783227,207.9772845,130.9836114,24.7643933
"2009-06",16865.38703,7698.148671,5327.481708,3232.809831,606.9468178,4740.480738,3309.348121,4960.099782,1015.831038,1648.7737,482.1604141,708.6932335,1887.913935,1813.490974,878.4900854,160.5857433,1466.367301,1246.880747,464.1985887,131.901484,2570.362075,1252.622109,1007.509417,129.6061822,445.0023692,406.125305,109.7929995,54.9103646,626.5847854,425.9382623,485.286339,110.9643134,278.6147216,104.8790996,84.5396995,14.1268934,423.3034839,77.5452112,202.9927015,4.8518369
"2009-07",22325.45848,10315.18484,6966.38541,3447.069546,1596.818689,5623.261264,4058.266005,7596.290408,1716.674632,2114.192748,482.0515137,734.7219133,2484.748758,2074.955805,868.2324237,195.3242779,1972.821876,1348.654507,484.7854851,252.004137,3209.956654,2203.099391,1229.187205,954.0471581,855.4016673,558.7550561,166.9243758,135.5935323,1099.60256,453.5107108,512.3721728,48.7073039,231.5646075,153.2096962,93.1871973,4.0900127,461.088717,174.2002435,92.3806862,7.0522666
"2009-08",19215.47077,10599.4454,4944.216012,2754.780331,917.0290288,5375.253749,3198.843207,6429.400514,1211.992782,1488.503716,542.3644247,969.1123793,2908.628811,1486.483147,769.4410702,210.7007211,1429.781294,999.8107012,457.1701709,312.0810406,4061.977279,1462.445593,726.6882049,178.2894368,543.1007273,351.1205079,252.4550317,65.3165146,655.4662007,394.8356913,348.0175233,90.1843011,270.2019275,162.7731022,70.7161582,38.6732368,730.2891602,86.7472693,130.292172,21.7837778
"2009-09",22930.6008,12003.54332,6389.083373,3446.067427,1091.906686,6573.071505,3880.709091,7748.799427,1339.121341,2123.901525,483.764881,781.2330353,2983.923469,1967.042364,1216.638989,405.4666824,1733.475621,1171.969716,551.7417878,423.5219661,4735.114303,1923.064061,965.1418202,125.4792429,724.5765333,427.4054082,116.7718109,70.3675881,1090.275355,636.7072961,337.6486447,59.2702295,213.9299413,156.0331193,106.0008439,7.8009765,522.248097,106.8614076,152.1235307,0
"2009-10",24108.68064,12565.01071,6952.654167,3745.151351,845.8644079,8056.398997,4284.103322,6864.156892,1884.507991,1924.243704,605.2934048,489.9763272,3974.573259,2467.213426,1283.078351,331.5339605,2069.338257,1350.419011,682.8541724,181.4918814,3895.004168,1916.224574,901.2089315,151.7192175,1014.981081,547.7611352,270.8482503,50.9175247,881.127926,531.8050536,453.3837461,57.9269781,405.2370661,96.2207725,92.0547309,11.7808353,324.7489529,43.0101944,61.7231695,60.4940104
"2009-11",20513.39901,9276.490916,6355.634987,3906.894747,974.3783625,6611.626836,4479.916181,5210.772219,1484.170394,1458.075907,724.323975,544.5135009,2820.919216,2373.151025,964.1988682,453.3577263,1875.796472,1461.512468,976.4614331,166.1458085,2610.955581,1542.195289,940.8598351,116.7615135,656.6174651,310.2701103,354.232643,163.0501753,706.365915,366.9719344,322.4086455,62.3294125,442.7169677,154.1800054,117.0178375,10.4091644,163.1192987,147.3541552,231.715485,2.324562
"2009-12",19157.14444,8025.261244,7380.695873,2960.81171,790.375616,6453.656626,3417.328626,5063.240517,1453.870168,1821.059293,585.7437064,362.2455065,2472.71896,2929.948843,779.7215333,271.2672897,1519.48093,1434.584707,350.0762002,113.1867888,2426.014971,1677.522166,726.9701478,232.7332329,410.3997457,477.5389934,516.0406803,49.8907485,639.4149484,686.9090877,407.5206692,87.2145879,304.465688,145.4505936,99.7444566,36.0829682,252.7660013,28.7414826,80.7380226,0
"2010-01",40496.7327,24671.02394,12747.48366,2317.199852,761.0252513,14845.66528,9235.609275,8882.794822,2368.052852,2994.677213,1781.497115,388.4361399,8940.448589,4988.661927,544.4764703,372.0782984,6433.195006,2272.531913,382.8154346,147.066921,4840.369259,3073.158444,882.8406672,86.426452,1442.274871,810.291824,67.7712599,47.7148974,1586.087693,1050.483391,300.7972663,57.3088627,1208.43655,450.7218463,71.9088989,50.4298198,220.2119716,101.6343138,66.5898545,0
"2010-02",16360.85767,7228.228387,5545.672217,2751.916749,835.0403229,5438.077218,3379.513588,4122.482001,1116.558632,1469.90927,662.9003808,171.4165851,2747.267782,1879.80286,589.7378752,221.2687012,1587.27031,1140.519443,459.2760564,192.4477787,1404.01788,1557.456574,920.7633322,240.244215,520.4132616,309.7970709,183.9918224,102.3564768,462.3443401,494.0072744,444.0582863,69.4993695,458.5175347,92.3156903,106.162372,5.9047838,48.3972788,71.7733041,47.9270043,3.3189979
"2010-03",17441.84826,8394.12044,5135.02272,3108.637463,804.06764,5622.182878,3981.941047,3857.892358,1236.964801,1507.611404,989.2086303,246.0471434,2669.714397,1716.76436,964.2968536,271.4072677,1951.035926,1235.465904,602.3946816,193.0445355,1578.321244,1227.772232,866.5541717,185.2447104,665.302569,329.3577941,186.8989776,55.4054603,633.9096495,468.5426272,313.15978,91.9993477,819.2135055,125.9744641,38.9853457,5.035315,76.6231492,31.1453379,136.3476529,1.9310034
"2010-04",23147.4804,12489.49752,7346.001074,2459.50784,852.4739637,7964.284344,4784.462277,5224.353781,1796.238675,2092.241821,848.6108358,437.2886617,4233.230927,2613.518354,860.9892366,256.5458262,2814.712855,1445.831753,415.6022232,108.3154462,2476.392239,1954.449191,557.2759047,236.2364454,972.5923523,558.2164047,177.6414712,87.7884467,1065.768774,587.7684465,290.8211295,147.8834711,647.6979059,136.1890858,56.0780811,8.645763,279.1024646,50.027838,101.099794,7.0585651
"2010-05",16769.55614,7027.964306,5103.112082,3495.579696,1142.90006,4983.038304,3303.838059,4561.746209,1338.542943,1532.869991,581.5787385,467.9418996,2223.140383,1688.325378,748.710366,322.8621769,1084.792711,1059.647513,916.0857634,243.3120717,2072.45734,1328.924729,887.3007293,273.0634108,505.0772034,341.9671037,339.5589899,151.9396462,539.0129888,507.0243518,442.1041284,44.7285223,338.2518726,82.34672,58.2264865,102.7536594,265.2318067,94.8762872,103.5932327,4.240573
"2010-06",19340.10025,8754.089205,6220.050535,3437.86131,928.0992017,5345.897182,3636.104865,5998.568499,1351.128706,1732.459432,433.994416,841.9471514,2346.284164,1654.070907,1069.125245,276.4168669,1554.588194,1291.275467,524.2746592,265.9665447,2745.430436,2134.834568,935.4361367,182.8673582,499.9023839,423.4334649,319.4575743,108.3352833,957.2208186,341.43065,380.2064431,53.6015205,178.3846166,169.9405475,69.2615457,16.4077062,472.2785918,205.0649308,140.0997069,24.5039219
"2010-07",22983.41656,10493.74149,7064.790931,4186.386636,1238.497498,7575.844338,4007.672408,6923.379072,1203.415499,2171.738756,367.2759585,734.0905265,3124.571111,2853.997253,1320.172248,277.1037256,1957.200156,1148.17485,659.2879854,243.0094172,3262.283736,1970.570856,1472.270806,218.2536735,504.9807344,413.307376,196.1992144,88.9281746,1101.099962,431.5148661,337.3767002,301.7472283,116.8345279,159.2392321,77.8931801,13.3090184,426.7712671,87.9864973,123.186502,96.1462601
"2010-08",21828.27793,10822.41223,5580.248631,4091.270088,1334.34698,6037.261596,3547.868396,7405.301146,1118.796994,2294.716719,376.8515617,1047.481513,2557.944101,1945.344347,987.9927542,545.9803935,1624.196731,1127.499342,588.8269674,207.3453557,4240.966471,1667.718601,1131.369295,365.2467797,611.8460458,245.5698379,190.234232,71.1468781,1137.379789,282.3535264,818.0794899,56.903914,116.3965726,149.6591421,83.7414785,27.0543685,533.6825174,162.1038347,291.0258713,60.66929
"2010-09",22313.46409,11248.06883,6064.240527,3791.823814,1209.330913,6808.934499,3263.593988,7411.331334,1271.795539,2271.585985,478.4017976,807.8209444,2970.027346,2315.297471,1132.448285,391.1613978,1478.168261,1013.989282,659.3423579,112.0940866,4336.397876,1706.366559,975.2261842,393.3407138,527.9465903,340.8357395,329.5353902,73.4778192,1159.316227,435.405636,464.0744901,212.7896323,226.2413996,121.9642629,113.6953268,16.5008083,549.9711328,130.3815772,117.5017799,9.9664545
"2010-10",23979.21373,12252.9373,6868.150741,3775.509861,1082.615827,7568.28957,3749.919471,7193.468423,1730.766749,2644.233933,444.5050459,648.0305384,3617.355236,2639.582387,884.5307442,426.8212024,1624.163123,1343.489009,664.6700888,117.5972496,4099.58672,1781.547385,1078.822882,233.5114373,962.1305492,447.8566236,201.9898699,118.7897059,1249.302566,533.2790981,713.1916548,148.460614,252.9624047,72.1707852,114.5153735,4.8564825,447.4367016,50.2254532,117.7892482,32.5791354
"2010-11",20642.89681,10356.83929,5831.985907,3360.858093,1093.213512,6225.15936,4179.837601,6250.036067,1253.722337,1758.601909,716.514095,259.0254386,2819.638412,1956.791519,1072.254235,376.4751945,2241.745879,1094.505331,622.7831041,220.8032865,3419.170189,1779.63252,758.916563,292.3167951,608.4905414,390.0113163,214.6068586,40.6136208,729.8373931,420.6190137,486.0747495,122.0707523,386.6642076,155.8870212,142.0488576,31.9140086,151.2926728,34.5391862,64.1737254,9.0198542
"2010-12",18576.66721,7681.970922,7230.595596,2661.649664,1002.451024,6500.617036,3927.884803,4400.015243,1408.947169,1588.662529,521.0345246,229.5059036,2558.352691,2997.720611,824.0024903,120.5412431,1499.53193,1679.079285,489.1529851,260.1206032,2099.085271,1264.326454,810.4755266,226.1279905,530.6682796,490.6425399,153.3025901,234.3337589,614.3612762,626.1880554,274.680278,73.4329193,326.6222137,122.1687235,61.971677,10.2719104,53.3492606,50.469927,48.0641172,77.6225988
"2011-01",38231.78212,24222.11402,11023.10273,2111.184588,875.3807752,14536.81939,9618.953755,5677.391528,3198.291698,3425.009153,1496.147208,279.1693841,9520.9441,4133.297887,637.8358814,244.7415224,6628.263114,2290.965817,362.6792797,337.045545,3125.831394,1870.182332,595.567237,85.8105654,1900.003132,1151.584469,69.9536336,76.7504646,1891.448958,1046.716044,392.3725639,94.4715878,1054.472051,378.6549616,38.392053,24.6281429,101.1512744,151.7012231,14.3839395,11.9329471
"2011-02",16197.25835,7266.325077,5215.697731,2955.734677,759.5008676,5433.375785,3385.573787,4044.410675,1083.225117,1366.830894,646.4761507,237.3659432,2444.291835,1880.473981,890.0493823,218.5605865,1573.225395,1200.831318,415.6487683,195.8683061,1834.02806,1139.946979,865.8292568,204.6063801,486.3915218,359.9175381,164.4293025,72.4867546,539.4555608,434.1841932,346.7694607,46.4216796,353.9377209,182.9429519,94.7958698,14.7996081,34.9949836,17.4007703,178.2126367,6.7575526
"2011-03",17470.92231,7931.302905,5125.402319,3437.567145,976.6499456,6234.227336,4047.359441,2982.339829,1399.818164,1596.445104,840.2946286,370.4378112,2461.566396,2269.281228,1219.820564,283.5591483,1937.981904,1129.618504,849.9241332,129.8348994,1532.433513,729.9798596,435.5954415,284.3310152,624.399829,387.3863553,314.5883939,73.4435859,708.7745946,359.5550076,378.8362108,149.2792911,598.3822349,131.9679776,84.3062415,25.6381746,67.7644334,117.6133869,154.4961598,30.5638311
"2011-04",24884.56433,13199.30859,7705.071674,3086.717222,893.4668451,8333.7705,4882.342194,6832.533949,1927.441872,2038.637927,581.9578353,287.8800566,4524.106125,2586.002252,909.9727485,313.6893738,2867.413557,1370.540498,494.5910897,149.79705,3266.201693,2610.382755,805.8870749,150.0624261,1075.434723,526.9026118,245.195245,79.9092923,1099.374068,407.3962619,399.2151051,132.6524922,233.6409529,140.2243717,160.6590445,47.4334662,133.1374734,63.622924,71.1969147,19.9227445
"2011-05",19894.99535,8200.469203,6675.39195,3596.591906,1422.542289,6423.739822,3766.276011,5583.612847,1509.275484,1729.438065,524.0575225,358.5955964,2575.218275,2312.168549,1224.05441,312.298589,1640.733473,1389.572684,484.459187,251.5106671,2027.028254,1975.585542,1085.189744,495.8093066,771.8408617,383.9537025,163.4211675,190.0597522,754.283132,435.1171083,386.2435731,153.7942519,286.6090971,133.8847455,99.598558,3.9651219,144.756111,45.1096192,153.6252663,15.1045999
"2011-06",17816.07187,7676.939225,5464.73074,3556.585586,1117.816317,5426.149996,3602.534233,4661.321382,1303.080551,1857.134171,577.4302697,388.4212652,2096.906771,1809.418518,1199.522222,320.3024845,1689.286252,1031.540677,536.1518543,345.5554494,1999.079846,1550.415114,830.7844252,281.0419956,669.2216452,373.6308586,214.6096943,45.618353,597.886414,490.9353528,664.6609953,103.6514091,375.7848466,126.1960309,56.1500478,19.2993444,248.7734498,82.5941883,54.7063465,2.3472806
"2011-07",26851.61347,13091.22012,7771.319805,4559.706104,1429.367449,8547.382479,4491.31884,8313.792717,1726.740466,2207.009061,521.7163475,1043.653564,4102.124882,2657.645843,1343.804446,443.8073068,2086.684018,1386.820039,719.8178656,297.9969175,4238.038443,2355.495357,1465.986562,254.2723548,769.3413228,434.8068129,357.5975886,164.9947418,975.0670707,625.576991,468.6010726,137.7639262,252.0474448,148.4109516,105.4174343,15.8405168,667.9169347,162.5638098,98.4811341,114.6916853
"2011-08",22646.64906,9996.248504,6295.693206,4791.878128,1562.829221,6397.820441,3629.523455,7318.558309,1455.473743,2372.257215,355.1851771,1117.830719,2411.682771,2144.622349,1515.191865,326.3234572,1392.924173,1233.770692,538.9406765,463.8879129,3850.208224,1607.428329,1387.148616,473.7731405,605.0973601,533.7162199,159.766888,156.8932751,992.9905833,386.6083793,879.0805193,113.5777333,155.8383384,117.6595646,70.0676488,11.6196253,587.5070548,271.8876726,241.681915,16.754077
"2011-09",20541.94605,9545.246586,5964.04644,4165.567484,867.0855437,6004.803525,3760.480805,6708.17483,1108.084854,1981.639547,501.5656725,477.1968202,2477.363162,1986.077304,1196.063166,345.299893,1784.928282,1260.379119,584.5585749,130.6148295,3268.268644,1778.893935,1461.008416,200.0038345,461.1331707,341.2198439,262.5506562,43.1811829,1059.517663,349.0529358,482.7542721,90.3146764,223.4524082,170.0937481,53.5281433,54.4913729,270.5832567,78.3295531,125.1042559,3.1797545
"2011-10",24134.95562,12491.70423,6580.647331,3831.800752,1230.803303,6740.912169,3548.58529,7497.494282,1793.003031,3317.202433,615.252117,622.5062979,3261.546711,2213.732676,885.3366549,380.2961275,1713.082608,1142.815707,557.2363086,135.4506664,4018.361917,1763.414365,1325.278992,390.4390078,896.8723268,430.8480964,365.4933436,99.7892637,1811.371903,755.9631529,553.9022927,195.965084,363.8851244,196.507897,45.4863594,9.3727362,426.5836436,77.3654364,99.0668006,19.4904173
"2011-11",20130.46263,9616.445549,6374.857922,3294.21835,844.9408137,6284.891076,4283.92253,5190.585314,1398.838921,1858.642636,814.0004066,299.5817507,2481.857486,2417.841276,1028.978627,356.213688,2125.722464,1331.849496,685.8679516,140.4826185,2926.39499,1494.431657,579.0437295,190.7149377,672.1332756,366.0272085,273.6897275,86.9887094,657.8091227,582.7140708,564.3129253,53.806517,632.8916729,87.6076829,82.208492,11.2925588,119.6365386,94.3865307,80.1168971,5.4417843
"2011-12",20272.43802,8389.761912,8761.467784,2527.034431,594.1738946,7071.753343,4250.159354,5172.172247,1116.331793,1675.108303,593.075246,393.8377352,2647.027639,3256.595242,862.5217404,305.6087217,1829.888348,1811.980513,535.1684508,73.1220426,2246.447267,2457.579635,365.8069782,102.3383667,468.1473216,504.8871211,91.7160063,51.5813439,603.8302149,512.5748781,520.8865761,37.8166338,295.4476646,190.9496392,92.6671822,14.01076,298.9734574,26.9007547,58.2674972,9.6960259
"2012-01",42355.86715,25019.45185,14506.64803,1882.571262,947.1960129,14946.6348,10460.64376,8767.080459,3076.625611,3147.745414,1491.492165,465.6449411,9275.493781,4962.480044,405.900409,302.760568,7003.334232,2928.177115,362.2795416,166.852869,4285.908985,3743.975938,436.8629945,300.3325416,1765.05233,1025.500671,219.961138,66.1114723,1605.689084,1147.987274,332.0962182,61.9728377,921.3757312,523.6323935,29.0550321,17.429008,162.597704,174.8945919,96.4159289,31.7367163
"2012-02",16777.27003,7015.504674,5446.017643,3367.434417,948.3132947,5030.024479,3232.25456,4178.705792,1424.065341,1687.594841,1050.858311,173.7667059,2293.494994,1864.926101,666.0793087,205.5240749,1488.046857,1104.118384,547.9082254,92.1810934,1613.913379,1284.384593,886.9258902,393.4819298,511.5106209,285.4883575,522.3791635,104.6871988,579.2386152,411.8037942,564.6520263,131.9004048,510.6185433,460.0692565,60.1008804,20.0696306,18.6816646,35.2271563,119.3889226,0.4689624
"2012-03",20940.74755,8526.846603,6634.923067,4083.20125,1695.776629,6707.631412,4171.667638,5201.727448,1344.038684,2339.646756,794.7885576,381.2470541,2362.099809,2617.352892,1538.674131,189.5045798,1985.791819,1426.799324,497.8276565,261.2488396,1912.956135,1534.74506,894.659698,859.3665546,722.1381004,316.9191308,273.813326,31.168127,935.9330203,431.2874713,703.2280403,269.1982237,533.3067469,188.4395387,66.8991658,6.1431062,74.6209732,119.3796503,108.0992328,79.1471978
"2012-04",25503.04878,12599.27443,8545.569607,3433.644299,924.5604446,8162.131789,5071.043629,6577.239505,1987.543798,2551.759191,782.2293118,371.1015593,4126.614659,3006.574276,729.4390901,299.5037632,2745.501537,1782.539768,391.1915706,151.8107526,2908.7986,2283.900345,1086.067677,298.4728835,994.495945,614.4887731,272.5512559,106.0078239,1154.724642,586.8610894,755.9308773,54.2425818,508.9020278,226.9075234,40.5235959,5.8961647,160.2370208,44.2978318,157.9402318,8.6264749
"2012-05",17226.19706,6932.68725,6379.045095,3023.705641,890.7590777,5563.476444,3678.329199,4266.620171,1097.718936,1652.224376,599.6498272,368.1781104,1991.647268,2369.129424,967.9595106,234.7402412,1382.003648,1348.459974,677.5113583,270.3542185,1936.535356,1573.309939,537.894998,218.8798787,442.6772695,315.8870627,271.6746111,67.4799928,693.5400408,467.4670302,441.9315884,49.2857166,270.5765378,252.705622,72.2629892,4.1046782,215.7071295,52.0860437,54.4705855,45.9143517
"2012-06",18777.62132,7968.95412,5807.745276,4223.764768,777.1571609,5758.561038,3279.927174,5539.165741,1051.460569,2090.460962,514.3985807,543.6472605,2192.667215,2190.334164,1185.081885,190.4777734,1494.041861,1127.879819,470.4019407,187.6035538,2657.898533,1439.777879,1324.468099,117.021231,389.9069335,282.3917925,295.9076084,83.2542345,699.8423589,522.7629893,730.9346527,136.9209611,192.6242252,173.2346949,127.2790131,21.2606475,341.972994,71.3639373,89.6915696,40.6187596
"2012-07",24722.56903,11020.03451,7775.761626,4659.617927,1267.154969,7218.114483,5217.571738,6969.161083,1296.893571,2648.961398,443.2102185,928.6565397,2752.240906,3023.863758,1059.503147,382.5066722,1935.248167,1457.02867,1494.629406,330.6654954,3692.81586,1804.901005,1170.447501,300.9967168,647.8079907,432.0524764,150.6785648,66.3545394,1209.735554,728.6706939,563.4948676,147.0602833,202.3895603,100.3089452,104.9504713,35.5612417,579.7964721,228.9360776,115.9139695,4.0100205
"2012-08",21100.1286,10371.9577,5711.077527,3942.354116,1074.739255,5921.99519,3236.153354,7056.008528,1169.296173,2123.537008,439.4735446,1153.664802,2692.844514,1947.076057,974.9919497,307.0826694,1261.233056,1034.556083,712.0622635,228.3019515,4247.073012,1505.200823,949.5305223,354.2041712,424.8791522,346.5083218,283.6248957,114.2838035,984.1509173,565.0320541,515.4607868,58.8932502,155.4754627,67.183093,207.2454476,9.5695413,606.3015868,245.521096,299.4382507,2.4038683
"2012-09",21335.12125,10462.39429,5697.131195,3918.762754,1256.833011,6966.789847,3384.341567,6739.469443,1414.297499,1845.238527,567.7569251,417.2274396,2880.503178,2143.950567,1311.979594,630.3565087,1392.08453,1007.052368,784.7376034,200.4670651,4237.499357,1463.281195,835.3919644,203.2969264,679.7812476,386.188239,283.3661717,64.9618407,837.6424667,458.6739348,450.2467506,98.6753745,187.4454001,189.998478,145.7109877,44.6020593,247.4381067,47.9864142,107.3296826,14.4732361
"2012-10",26128.98015,13498.82683,7537.318811,4047.115321,1045.719187,7891.859378,4530.274101,7524.814666,1949.01433,2772.975382,842.9197203,617.1225768,3729.702023,2548.86105,1105.594449,507.7018555,1816.132761,1530.561831,1044.67372,138.9057888,4357.731328,2125.404656,866.2522478,175.4264342,1017.005379,473.1217412,398.0219396,60.8652696,1645.923687,609.229903,391.4553321,126.3664604,633.1157896,87.2510536,87.7445258,34.8083513,299.2158664,162.8885762,153.3731069,1.6450273
"2012-11",22491.68154,10709.49025,6628.342298,4348.301054,805.547939,7428.030332,5249.71909,5252.176922,1573.540702,2096.854961,617.713357,273.6461761,3410.630076,2222.166694,1566.033615,229.1999472,3025.83324,1356.964498,670.7696372,196.1517144,2424.426475,1613.18889,1029.524478,185.0370789,692.0115591,525.3592469,287.6699921,68.4999041,766.3292345,670.514052,572.3377401,87.6739344,331.4078233,172.1746154,98.5378427,15.5930756,58.8518404,67.9743014,123.4277499,23.3922844
"2012-12",21735.73793,8222.964508,9256.202644,3617.007084,639.5636977,7180.397486,4108.780724,5766.510392,1224.869448,2535.71681,475.903864,443.5592085,2521.84687,3230.880151,1167.98666,259.6838054,1515.673267,2176.342104,367.5186325,49.2467211,2777.100802,2306.760482,486.1631002,196.4860076,536.7455354,488.864437,138.9600882,60.2993877,624.3184688,835.9479994,1023.043222,52.4071202,209.5702111,161.3073348,85.8910655,19.1352526,37.7093535,56.1001361,347.4443158,2.3054031
"2013-01",43383.3875,27282.87976,13155.20987,2280.939044,664.3588342,14418.50756,9854.020859,10208.66716,3068.341213,3732.927193,1846.734891,254.1886307,9597.82864,4153.693147,475.9267138,191.0590622,6648.05472,2727.270671,368.3909056,110.304562,5764.3441,3545.512561,710.768085,188.0424094,1817.951867,1065.837573,155.5223974,29.0293747,2244.83395,1006.454159,366.9776173,114.6614669,1116.902099,619.917235,79.3940671,30.5214901,92.9643817,36.5245223,123.9592578,0.7404689
"2013-02",18130.19336,7962.940052,5486.401315,3522.73037,1158.121619,6736.57931,3369.914805,4592.457281,1003.635844,1461.948101,816.2069068,149.4511087,2876.258759,2032.085215,1393.791029,434.4443064,1663.447316,916.3109093,678.5843575,111.5722221,1780.349659,1490.472893,856.1536852,465.4810443,408.09829,359.326075,142.3104156,93.9010636,638.9934404,403.1047214,379.3002155,40.5497234,544.6734294,207.9165482,51.8793945,11.7375347,51.1191578,77.1849539,20.7112727,0.4357243
"2013-03",20713.84296,8760.119362,6912.422665,4140.75724,900.5436969,6390.478098,4624.339545,4536.224833,1471.554908,2659.21259,780.3673694,251.6656205,2362.998229,2208.808961,1481.775752,336.8951559,2351.939455,1550.725877,574.6760331,146.9981794,1818.285382,1618.98599,979.5139152,119.4395457,615.0031286,468.8615016,298.5305359,89.1597421,961.183336,919.1449009,585.9771326,192.9072207,596.5986129,133.5735317,39.8717148,10.32351,54.1112183,12.3219029,180.4121562,4.8203431
"2013-04",26439.9305,13726.23489,8275.323921,3369.6605,1068.711188,8732.461051,5300.539958,6135.737711,2034.688792,2953.0744,840.1710139,443.2575758,4633.897698,2733.06421,834.2718264,531.2273159,2788.044862,1843.135623,590.6992724,78.6601994,3366.953898,1819.26356,653.4151958,296.1050572,1151.299017,634.5456586,169.2761654,79.5679506,1134.742938,890.5456233,866.8851676,60.9006713,537.536628,255.580553,37.7444506,9.3093823,113.7598505,99.1886926,217.3684218,12.9406109
"2013-05",19359.08105,7886.805754,6326.236329,4114.589349,1031.449618,5846.502534,3741.378696,5019.770478,1329.378916,2354.522587,580.5504614,486.977377,2528.33361,1851.705763,1132.354445,334.1087165,1606.90429,1434.447642,555.5061214,144.520642,1887.053388,1735.054642,1141.858216,255.8042323,588.437147,420.7622202,193.7722393,126.4073093,780.6622681,631.75939,795.7075962,146.3933322,241.564142,228.3981849,100.4249986,10.1631359,253.850909,24.1084858,194.9657322,14.05225
"2013-06",17793.01142,7448.15271,6434.354941,3248.559062,661.9447031,5201.470588,3321.579495,4907.817845,1139.924971,2315.944831,477.7876881,428.485998,2234.263084,2000.525534,751.70188,214.9800894,1391.576195,1265.387766,547.3705211,117.2450134,2138.856429,1400.157925,1258.075782,110.727709,523.2419161,408.2132098,161.3116432,47.1582016,766.6522221,1018.538454,385.226121,145.5280338,140.4319653,249.8449186,62.4921223,25.0186819,253.1308989,91.6871327,82.3809924,1.286974
"2013-07",23495.80489,11315.96343,7410.354411,3771.910948,997.5760977,7664.636926,3880.8261,6924.984949,1240.899923,2812.937062,425.5980315,545.9218962,3377.221112,2581.902766,1200.950904,504.5621438,1758.697189,1321.557012,652.7570325,147.8148672,3571.063382,2119.195407,1012.694897,222.0312631,540.3389433,429.2338228,213.1641449,58.1630122,1516.91572,661.631193,581.269835,53.1203142,260.8297418,144.5426169,13.972902,6.2527708,290.8973431,152.2915942,97.1012325,5.6317264
"2013-08",19981.35318,9314.049943,5697.385853,3909.199432,1060.717952,5929.73028,3090.509185,6611.46736,984.8997819,2358.471221,403.1148484,603.1605029,2561.078774,1863.209329,1020.186735,485.2554424,1301.044304,1027.865462,557.9063382,203.6930807,3510.180212,1658.119888,1258.268008,184.8992515,416.4647461,247.0343296,233.3168404,88.0838658,978.9669408,639.3738515,647.5552504,92.5751787,159.6018755,163.5383517,77.3838535,2.5907677,386.7130908,98.2446407,114.5824058,3.6203656
"2013-09",21027.78872,9796.232199,6357.666459,3880.960939,992.9291249,6564.603337,3698.283593,6094.145421,1225.643197,2546.834653,318.9159043,579.3626166,3148.994663,2245.123443,834.9649998,335.5202317,1653.040974,1173.820128,712.055799,159.3666924,2976.861288,1828.693952,1014.650453,273.939728,540.5184237,381.3052717,203.0931009,100.7264002,1007.261044,512.2420704,946.4586979,80.872841,154.5877677,71.8768711,58.9928574,33.4584081,314.9680388,144.6047237,110.7450306,9.0448235
"2013-10",26843.13903,12610.83856,8622.859176,4540.285274,1069.156021,8562.577807,4699.82264,7621.691196,1805.065355,3129.64517,586.0346426,438.3022233,3703.378991,3309.840543,1177.794257,371.5640152,1965.198639,1836.926027,701.3332427,196.3647308,4321.107897,2111.35351,994.5854127,194.6443763,796.0627389,552.6030891,269.6876559,186.7118709,1158.053806,579.4541008,1278.141343,113.99592,389.694512,146.1936379,45.1560784,4.9904143,277.3419778,86.4882683,73.5872839,0.8846933
"2013-11",20546.83402,9592.013175,6239.173603,3400.897851,1314.749391,6725.747286,4261.392628,5425.849106,1499.212117,1692.584281,572.0670884,369.9815134,2909.114258,2080.733772,1328.664546,407.2347097,2178.598252,1328.153002,612.8819186,141.7594558,2475.704904,1664.899224,795.8489279,489.3960497,662.397478,464.3683587,213.8535895,158.5926911,837.1938419,494.9958105,304.2759985,56.1186298,306.203294,169.2455209,36.9237336,59.6945399,222.8011468,36.7779152,108.4491369,1.9533145
"2013-12",22080.23515,8063.902422,8597.264191,2751.596564,2667.471974,7263.956725,4956.240182,5093.670249,2391.263931,1802.559918,416.1261684,156.4179775,2458.293723,3163.962851,963.6451916,678.0549601,2296.833973,2054.731759,366.5718721,238.1025782,1866.939629,2374.204845,664.6362777,187.8894966,484.2540294,346.6774142,102.6486148,1457.683873,759.1963295,452.3018816,486.6414907,104.4202161,172.1825118,181.1443329,61.4784732,1.3208505,26.2022264,24.2411077,105.9746434,0
"2014-01",45215.83743,26653.24421,14069.49242,3622.112512,870.9882887,14691.06557,9779.282683,9139.269971,2972.308961,6449.718913,2009.842747,174.3485858,8299.419425,4984.965724,999.9917834,406.6886371,6699.76813,2538.552301,413.7773296,127.1849223,4976.298136,3330.95749,665.1620975,166.852248,1694.402339,865.1933044,340.1421818,72.5711358,3427.479577,1807.981429,1144.05321,70.2046977,1523.903076,410.7480598,47.7049632,27.4866478,31.9735293,131.0941094,11.2809471,0
"2014-02",17697.99553,7238.154605,5340.10141,4298.818799,820.9207155,4927.204532,3836.806304,4277.246512,903.2431973,3039.38125,553.8220997,160.2916344,2061.822505,1787.724383,905.6082664,172.0493779,1807.821646,1134.926115,635.684925,258.3736176,1764.481461,1281.798163,995.2711273,235.6957608,486.0812714,250.2364645,138.0362701,28.8891913,857.6324363,702.1619463,1386.020088,93.5667792,240.7235054,148.5145854,157.6323349,6.951674,19.5917804,34.7397524,80.5657869,25.3943147
"2014-03",23775.02297,10232.20723,7234.653334,5056.790096,1251.372312,6805.986495,5269.687195,4772.697972,1811.671628,3381.250778,1082.826314,650.9025869,3033.089036,2336.868375,1091.59361,344.4354741,2430.656266,1793.726819,856.7314556,188.5726544,1947.02008,1606.541874,1019.207794,199.9282231,630.5477747,531.4099474,429.4768621,220.2370437,1347.013721,632.5538657,1119.686069,281.9971222,683.0010433,223.1318764,170.3554181,6.3379757,160.8793047,110.420576,369.7388871,9.8638191
"2014-04",28373.60432,14373.16195,8758.179791,3973.136791,1269.125783,8635.74679,5890.676251,6167.766735,1695.307519,3898.810382,1390.263695,695.0329458,4395.287766,2787.851892,1162.585955,290.021177,3335.518795,1793.128674,603.1286956,158.9000869,2807.127439,2073.217392,784.111112,503.3107921,886.43889,543.3961105,164.675629,100.7968898,1629.944168,1158.330805,965.9326397,144.6027697,992.6250432,270.9546776,79.8504328,46.8335415,326.2198521,131.3002411,212.8523268,24.6605258
"2014-05",20334.44662,7985.72905,6532.453183,4426.938195,1389.32619,5803.568548,3831.34811,5340.123646,1259.835368,2812.818899,752.1915887,534.5604581,2269.806821,2088.969556,955.1072496,489.684922,1487.594322,1300.501281,796.5012194,246.7512871,2151.643599,1556.05854,1367.478127,264.9433795,414.8454155,604.8676801,153.5251741,86.5970986,911.1167378,672.9899322,1018.730613,209.9816157,416.8649297,200.4438313,55.4499007,79.432927,333.8572252,108.6223622,80.1459102,11.9349605
"2014-06",23766.67682,9548.81512,7327.866433,5340.504777,1549.490491,6556.208948,4108.495522,6220.548431,1571.013954,3625.557717,748.152972,936.6992778,2464.424616,2347.620251,1187.260825,556.9032565,1590.768767,1761.283546,605.5134859,150.9297229,2934.860005,1645.203719,1249.443281,391.0414263,734.9894979,401.9611912,278.713957,155.3493076,1255.956081,694.3731896,1425.239282,249.9891637,218.2820762,240.9343042,261.1704158,27.7661758,349.5340765,236.490232,333.1635307,17.5114386
"2014-07",25456.85523,10903.03614,7903.116513,5173.477194,1477.225384,7670.509711,3838.170846,7384.449976,1434.090132,3494.133278,466.7904187,1168.710866,3212.881821,2836.753292,1035.124016,585.7505824,1608.847706,1175.621707,884.4820002,169.2194327,3279.767683,2487.582053,1237.655429,379.4448114,625.7075275,325.867131,402.9406068,79.5748663,1330.787554,708.7796537,1221.878465,232.6876046,252.9811169,127.9521892,56.1093944,29.7477182,592.0627284,240.5604863,335.2872824,0.8003684
"2014-08",23713.45739,10108.07434,7259.27894,5109.30183,1236.802284,6634.33061,4183.848102,7243.048625,1268.959817,2849.665811,395.288193,1138.316232,2885.660407,1949.97352,1555.749168,242.9475153,1578.889021,1501.292075,842.1979566,261.469049,3347.213716,2112.599225,1362.926776,420.3089083,529.5214164,291.9615008,373.5879504,73.888949,1120.655119,809.0577237,724.4294276,195.5235401,102.6358939,193.4474832,72.3441587,26.8606572,543.4987624,400.9474117,178.0663932,15.8036646
"2014-09",23757.22656,11021.09893,6133.311543,5304.434534,1298.381554,6457.377847,3691.776452,7150.382733,1171.850984,3727.178532,333.3565065,1225.303503,2726.074972,2027.950953,1249.352197,453.9997252,1537.404143,1163.604481,552.3307138,438.4371141,3829.009183,1577.771528,1468.894797,274.7072246,627.2700959,216.9156444,291.0476296,36.6176145,1538.970077,995.4249247,1108.459343,84.3241877,144.230583,111.2416326,67.5886031,10.2956878,618.1398732,40.4023793,566.76125,0
"2014-10",28328.69282,12970.95554,7584.488395,6464.769472,1308.479413,8446.980902,4907.282471,7398.9403,2218.046329,3749.711651,735.2451855,872.4859779,4070.899601,2555.122652,1513.979485,306.9791649,1974.989616,1527.895024,1030.8266,373.5712314,3568.596338,1914.179112,1559.473946,356.6909037,1214.134439,590.2526107,328.3075842,85.3516954,1251.637633,756.4986242,1604.576591,136.998803,427.5301852,189.1763979,81.7182044,36.820398,463.1677264,51.3639743,345.887061,12.0672162
"2014-11",24348.02639,8943.252027,7751.456644,6345.777313,1307.54041,7321.924117,4892.888892,5744.016793,1798.360542,3384.43252,776.7006888,429.7028415,2449.160841,2765.833923,1567.650621,539.2787326,2314.733481,1466.59993,825.4350895,286.1203915,2251.760619,1930.111043,1331.581419,230.5637122,661.5995477,660.4996881,384.9728923,91.2884141,948.6365142,575.0025733,1765.023385,95.7700473,290.6408643,255.096363,199.8690794,31.0943821,26.7201601,98.3131241,271.2448271,33.4247302
"2014-12",22788.36798,8918.237658,8719.498358,4283.35311,867.2788515,6585.339176,4830.893052,5735.762406,1353.587892,3260.222333,608.6479621,413.9151557,2550.017109,2860.571096,877.7767493,296.9742211,1786.4188,2366.765725,402.1274144,275.5811121,2439.393108,2004.285158,1205.813795,86.2703454,532.2186075,578.4401623,165.8450928,77.0840295,1121.593889,751.1503868,1290.832125,96.6459316,397.887932,138.2233337,38.3353905,34.2013059,90.708211,20.0624952,302.6225436,0.5219059
"2015-01",44058.13533,25663.48375,13803.07714,3743.163687,848.410753,14269.05137,9531.702681,8932.273542,3515.090518,5381.412112,2189.318745,239.2863709,8729.422223,4610.86644,655.6935163,273.0691862,6209.642158,2506.247108,665.4655452,150.3478703,4759.927215,3071.949223,820.4437042,279.9533994,2165.787518,833.7829003,461.7641377,53.7559621,2254.107613,2210.59663,841.3300609,75.377808,1420.104258,517.20739,237.9721215,14.034976,124.4927705,52.4274482,60.4946012,1.871551
"2015-02",19950.66045,7465.093579,6825.40609,4528.905328,1131.255457,5925.444459,4432.008354,4406.045156,1198.23379,2841.180885,889.333672,258.4141371,2295.009153,2199.239811,1117.571176,313.6243201,1788.494694,1793.21291,674.5174344,175.7833165,1576.629423,1282.757729,1280.0524,266.605604,397.4380355,466.2618276,181.5471616,152.9867651,892.6082522,785.0010709,1011.262206,152.3093557,494.6697552,198.3378376,138.6456664,57.6804128,20.2442659,100.5949044,125.3092844,12.2656824
"2015-03",24606.40645,10658.38008,7237.741346,5146.814673,1563.47035,7456.07205,5414.445604,5007.557784,1798.341188,3756.131524,793.2367955,380.6215005,3325.474032,2428.652234,1140.595607,561.350177,2585.710642,1897.265807,661.8593267,269.6098282,1877.249683,1713.326344,1016.794067,400.1876901,654.0661767,443.5122595,513.0324306,187.7303213,1555.593828,618.3433467,1440.481429,141.712921,587.2351071,94.029978,109.0922982,2.8794122,73.0506092,42.6113762,264.9595151,0
"2015-04",27164.97628,12586.14822,8653.756115,4607.884863,1317.187085,8383.49764,5342.073754,6309.44251,1674.061581,4092.774786,702.6409903,660.4850196,3857.812311,3154.149256,1063.550711,307.9853624,2778.29698,1817.227666,560.564558,185.9845509,3018.608181,2083.850653,1024.408651,182.5750248,796.6871353,470.2593766,272.3560971,134.7589721,1632.055831,873.4221271,1283.653826,303.643002,397.3278023,159.3911292,100.1342343,45.7878245,105.3599798,95.4559064,303.2167855,156.4523479
"2015-05",23633.29218,9061.171485,7404.797638,5622.013381,1545.309681,7580.668008,4453.79191,6167.592294,1547.693492,2853.895644,626.2856529,403.3651835,2690.341091,2401.378274,1825.869451,663.0791919,1781.288785,1609.242748,703.0738074,360.1865688,2492.142116,2061.057923,1317.039623,297.3526325,690.589313,435.0971626,288.8915386,133.1154773,1031.086671,537.9207856,1206.552928,78.3352607,268.5579025,194.4488939,152.2390243,11.0398322,107.165607,165.6518502,128.3470092,2.2007171
"2015-06",20998.13551,8386.215111,6356.586277,4969.642193,1285.691925,6404.997993,3535.054392,5721.070938,1176.744056,2323.605396,520.4069237,1316.255807,2583.29739,2194.052128,1207.389051,420.2594245,1528.942826,1143.403409,615.3861987,247.3219586,2080.579686,1822.090622,1520.268048,298.1325825,424.3189926,328.2925235,280.20622,143.92632,894.2482772,484.6124831,821.6572418,123.087394,287.8206631,168.5398371,36.2105895,27.835834,587.0072772,215.595274,488.524845,25.1284111
"2015-07",26464.0628,12398.47402,7829.39258,5005.689887,1230.506306,7003.90582,4400.060782,7889.361894,1337.816287,3643.82748,549.607705,1639.482829,2818.535298,2679.642984,1232.638729,273.0888099,1715.472138,1658.525146,761.7037923,264.3597049,4355.088213,2021.525794,1178.26309,334.4847973,577.5413667,389.4663591,256.5842456,114.2243157,1861.701744,649.1668025,999.0993105,133.8596236,244.7359136,219.080925,63.0908465,22.7000199,825.3993519,211.9845685,514.3098735,87.7890349
"2015-08",24168.71934,9877.128898,7573.637328,5701.575505,1016.377606,6909.329098,4221.113481,6342.317166,1321.531691,3996.343021,405.7141931,972.3706861,2582.134516,2397.276372,1606.879055,323.0391558,1699.350863,1462.809328,799.5715482,259.3817426,3241.599296,1979.191253,977.6301921,143.8964251,472.7976998,371.442406,380.6754573,96.6161277,1273.473956,968.0374358,1615.07705,139.7545789,142.6113517,115.864864,128.8555423,18.3824351,465.1612163,279.015669,192.8866601,35.3071407
"2015-09",25172.18318,10654.99269,7035.631214,5434.31841,2047.240868,7165.827021,4075.557443,8049.501637,1289.180806,3562.752961,470.7397462,558.623571,3020.68353,2306.130652,1046.972933,792.0399073,1538.330425,1384.348537,720.102695,432.7757853,3657.068405,2182.627792,1656.060977,553.7444634,619.3135164,377.517004,222.6192951,69.7309904,1288.907551,654.2187921,1524.803768,94.8228495,200.0154262,60.0627277,127.4152615,83.2463308,330.6738388,70.72571,136.3434808,20.8805414
"2015-10",27254.39225,12439.58157,7544.334052,5903.330638,1367.145984,8347.678076,4736.040583,6806.711257,2124.967773,3611.478931,731.5707964,895.9448296,3894.364119,2610.772559,1480.258401,362.2829973,2098.639769,1486.460517,803.8020298,347.1382676,3601.400623,1692.949125,1239.854253,272.507257,1002.540276,570.9825047,458.6672907,92.7777017,1093.733957,794.817672,1493.604826,229.3224769,396.372258,265.9486404,42.8374909,26.4124071,352.5305701,122.4030356,384.3063471,36.7048768
"2015-11",26744.06596,11119.96289,7464.565856,6541.965901,1617.571314,8474.516619,4711.040152,5902.08661,1710.549193,4422.976438,900.7087916,622.188152,3648.771198,2445.157885,1753.673714,626.9138215,2098.968277,1478.648459,879.4287774,253.9946382,2333.43519,1938.231253,1375.080552,255.3396155,679.2444812,582.2175924,340.9873065,108.0998132,1641.74941,704.5000449,1720.832047,355.8949359,409.730895,255.5967429,219.1057298,16.2754239,308.0634347,60.2138784,252.8577733,1.0530656
"2015-12",23262.4334,8832.079701,9205.255392,4100.230792,1124.867515,6700.854685,5012.635948,5641.175344,1515.978338,2967.61889,797.4050227,626.7651726,2302.863293,3107.661125,926.1222919,364.2079748,2034.162848,2233.373044,499.1854637,245.9145925,2231.100375,2100.449199,1012.754383,296.8713869,604.6792445,677.9892336,183.0419324,50.2679276,1112.37298,748.6223168,988.0033685,118.6202253,469.1866957,218.0213304,67.4661504,42.7308462,77.7142657,119.1391439,423.6572017,6.2545613
"2016-01",45634.62338,26387.71466,13774.48349,4332.245339,1140.179886,14085.41405,11253.28311,8364.34949,3009.553349,6771.184373,1561.44854,589.3904672,8716.794897,4210.300717,728.2365963,430.0818417,6956.521283,3522.186885,516.9668032,257.6081368,4890.893887,2431.38007,789.8756686,252.1998642,1654.267266,1054.080228,251.2679587,49.9378966,2891.887857,1996.141643,1784.47124,98.6836331,1107.237787,359.6635545,68.3544599,26.1927381,170.1116849,200.7303943,193.0726126,25.4757754
"2016-02",23227.92831,9911.747527,6412.245024,5556.212399,1347.723359,6602.415835,4689.664308,5777.16748,1800.689885,2634.39177,1233.244389,490.3546422,2732.479327,2269.558195,1210.578758,389.7995549,2365.938097,1184.774928,817.1360358,321.8152472,2433.975342,1728.884293,1308.534629,305.7732161,572.5730101,425.5066887,661.5660154,141.0441705,954.4229224,603.5764563,934.1729118,142.2194798,841.1143416,170.5337883,176.9688601,44.6273985,11.2444866,29.410675,447.2551885,2.4442921
"2016-03",25349.73978,11447.95559,7625.581873,5149.751159,1126.451155,7982.182388,5461.16733,5159.696912,1976.539205,3111.716156,1026.518635,631.919153,3842.446188,2635.807025,1100.842407,403.0867679,2852.223191,1751.151982,697.8841717,159.9079858,2009.960212,1447.162165,1411.100501,291.4740337,926.4897364,467.5093852,424.3688416,158.1712422,1117.775102,899.1817211,1042.178421,52.5809119,610.927457,259.2454937,100.2720109,56.0736737,88.1337062,165.5241011,373.1048058,5.1565399
"2016-04",27581.72132,12251.86506,8742.041318,5061.065701,1526.749248,8873.892082,5291.015661,6210.758727,1901.670489,4025.360628,813.3269864,465.69675,3846.892552,2945.610314,1420.946062,660.4431541,2330.044439,2114.324846,506.4736371,340.1727396,2785.883222,2129.521729,1039.018336,256.3354396,1022.791491,494.0911915,277.1782575,107.6095481,1599.124381,914.6728461,1395.446236,116.1171648,524.2477403,125.6066761,122.64543,40.82714,142.8812308,18.213715,299.3577428,5.2440614
"2016-05",24765.31856,9375.095734,8200.854865,5785.666488,1403.701477,8000.538589,4292.688341,5941.863462,1958.874186,3210.782734,754.3838139,606.1874376,2921.618352,2941.377965,1629.122649,508.4196237,1690.713651,1625.611488,738.1923675,238.1708351,2449.910701,1822.499789,1326.536549,342.9164234,788.6684117,630.8069526,394.0065422,145.3922793,883.2086388,857.6764983,1321.468755,148.4288421,355.3477935,239.4724559,144.6174107,14.9461538,285.6281871,83.4097169,231.7222144,5.4273192
"2016-06",21901.41893,8945.091885,6497.323182,5132.073019,1326.930844,6772.773181,4119.217534,5348.547245,1347.544891,3179.132875,587.5796872,546.6235167,2680.343203,2362.651122,1195.53039,534.2484651,1646.564858,1383.709225,752.7483517,336.1950992,2259.204948,1579.522411,1261.655885,248.1640009,578.5991242,419.6269474,275.369631,73.9491888,1104.406641,496.9210753,1487.977793,89.8273652,348.5834794,165.7874516,54.1523334,19.0564228,327.3896309,89.1049491,104.638635,25.4903017
"2016-07",28599.27195,13368.56013,8790.747504,5051.316551,1388.647761,8058.162969,4908.521127,8010.284146,2075.411907,3731.068187,576.5367727,1239.28684,3754.304449,2673.564255,1204.624365,425.6698999,2287.674282,1767.133154,651.1723403,202.5413516,4185.66286,2228.11116,1271.49112,325.0190066,853.1729102,576.7920716,535.8200634,109.6268622,1300.974808,997.8760795,1135.829802,296.3874985,236.5698657,187.6707347,142.6563093,9.639863,750.2009604,359.60005,109.7225508,19.7632789
"2016-08",24449.07104,10571.99372,7116.656303,5135.729524,1624.691495,7263.446759,4008.357357,7703.165968,1272.091428,2937.423631,355.5157126,909.0701813,2741.413067,2457.209315,1418.347036,646.4773408,1600.651865,1336.789135,789.9145772,281.0017797,3889.298189,2250.012488,1138.852699,425.0025919,629.3637203,273.4321143,268.444345,100.8512485,1037.621419,627.0136377,1122.213162,150.5754121,200.8176922,84.0461663,60.9209685,9.7308856,472.8277619,88.1534475,337.036736,11.0522359
"2016-09",24891.38665,10884.71641,6949.618195,5711.795595,1345.256443,6786.306691,4134.816787,7163.970785,1632.732153,3341.08371,525.3029738,1307.173545,2527.191795,2409.422417,1449.977654,399.7148252,1663.027482,1512.229872,680.8989292,278.6605045,3781.553532,1648.126781,1488.893413,245.3970601,655.824542,395.0183314,384.3273563,197.5619235,1406.047609,643.733108,1126.389817,164.9131763,178.2046288,188.2767835,147.2219322,11.5996293,672.8668241,152.8109029,434.0864943,47.409324
"2016-10",31421.07474,14273.72394,9703.342354,5759.813503,1684.194938,9054.005314,5789.297249,8915.944443,2027.066352,4063.068531,895.1803819,676.51247,4347.188237,2864.188344,1428.305912,414.3228204,2418.876958,2150.983209,786.251906,433.1851762,3765.963325,3090.506308,1639.229143,420.245667,966.7010999,547.631304,306.4499771,206.2839712,1835.170067,782.8328171,1323.882255,121.1833929,521.4632828,200.1890097,90.807106,82.7209834,418.3609749,67.011363,184.887205,6.2529271
"2016-11",27458.60269,10281.58781,8099.977195,7055.771305,2021.266376,8675.137111,5187.25128,6825.398701,1548.213418,3734.935761,889.583865,598.0825505,3100.97938,2721.735672,1977.86457,874.5574902,2164.190597,1740.502762,962.6976457,319.8602761,2374.780047,2118.53633,1888.702854,443.3794695,526.40197,589.6825303,326.3527769,105.776141,1406.580308,688.0256871,1426.085478,214.2442882,586.222837,179.1122468,102.3760712,21.87271,122.4326725,62.381967,371.6919097,41.5760013
"2016-12",24709.80331,8556.077779,10170.64557,4972.057164,1011.022791,7997.483821,5011.625473,6054.554777,1410.701549,2857.514065,876.3519284,501.5716956,2587.6674,3466.422791,1584.425605,358.9680242,1940.441172,2251.02879,642.3055654,177.8499461,2177.275562,2538.951459,1135.515509,202.8122476,535.9051363,583.3995993,246.4155826,44.9812311,840.1876189,869.5254581,971.0484444,176.7525433,457.7766601,300.5257841,73.7177909,44.3316933,16.8242306,160.7916934,318.6286664,5.3271052
"2017-01",47446.31051,27218.40963,15537.07793,3279.904174,1410.918776,15578.14613,11982.18208,9765.247426,3180.297652,4509.553845,1868.719392,562.1639862,8540.95114,5535.199582,916.5741857,585.421225,7707.200042,3628.238153,535.2130047,111.5308825,5357.147206,3160.55371,786.1857967,461.3607136,1717.373716,1134.610635,210.079434,118.2338673,2451.327625,1401.982234,532.7068725,123.5371134,1206.733802,585.935968,65.7127621,10.33686,237.6761017,90.5576515,233.4321184,0.4981146
"2017-02",21985.07707,8136.930546,7160.767752,5213.651222,1473.727548,7138.142307,4776.797134,4568.941295,1383.629364,2637.135125,1016.063997,464.3678477,2506.15156,2652.563365,1465.804539,513.6228434,2077.270522,1577.89557,742.1547309,379.4763103,1585.500125,1714.127912,991.893956,277.4193019,590.7767876,298.5336437,364.4065914,129.9123412,793.697363,534.9079327,1224.448829,84.0810002,527.8542386,323.2444773,115.1311503,49.8341304,55.67995,59.494851,309.8114261,39.3816206
"2017-03",24105.99325,10061.19995,6836.550077,5556.332938,1651.910288,7065.504569,5562.068924,4848.987411,1642.964748,3338.716681,1256.181409,391.5695125,2811.782532,2536.935061,1413.118737,303.6682395,2707.751389,1389.395247,1016.645311,448.2769763,1947.702247,1322.408274,1013.04456,565.8323296,773.1982088,411.1401646,354.1097021,104.5166721,1008.833639,687.9679456,1452.760347,189.1547491,717.9466524,419.6765586,89.0878684,29.4703297,93.9852839,69.0268247,217.5664126,10.9909913
"2017-04",29714.78554,14563.7278,9433.193649,4532.189682,1185.674407,10004.19202,6049.48953,6748.551577,1838.415479,3383.875953,1141.687441,548.5735399,4852.363648,3298.025855,1427.918765,425.883751,2968.266413,2201.820168,698.8911043,180.5118452,3435.411129,2023.528638,944.909917,344.7018926,943.6091449,530.1087196,291.7861105,72.9115041,1490.274429,936.0518596,839.5503607,117.9993043,686.9609617,311.0773643,131.9719625,11.6771528,186.8420766,132.5810442,197.1614623,31.9889568
"2017-05",22554.97807,8549.84343,6964.912933,5785.790873,1254.430839,6857.91357,4501.139115,5226.11191,1580.694404,2604.595589,832.3832144,952.140272,2251.912923,2480.879294,1679.152728,445.9686246,1835.8866,1468.688419,940.6251313,255.9389656,2031.76836,1644.006388,1220.903433,329.4337295,644.5100074,517.6180038,338.7603543,79.8060381,954.525266,522.7010954,998.8236189,128.5456088,441.6725558,217.6263186,170.7809505,2.3033895,389.5677184,113.393415,436.7446557,12.4344829
"2017-06",23437.88555,8669.789545,7435.901851,5764.474061,1567.720095,7452.078932,4413.442848,5887.217107,1679.958261,2427.691841,618.4684317,959.0281311,2682.890589,2552.405939,1638.318382,578.4640216,1671.574967,1552.015157,883.0341312,306.8185936,2059.088008,1916.895534,1545.868339,365.3652262,678.6834127,514.6399725,403.6573085,82.9775675,882.9572986,606.014029,763.5611782,175.159335,247.2434579,207.3910101,144.2832325,19.5507312,447.3518123,86.5402101,385.7514892,39.3846195
"2017-07",31899.36389,13674.29074,9746.375305,6673.833072,1804.864772,9779.309628,6188.236093,8376.460714,1886.30244,3626.586276,657.5148383,1384.953903,4208.829647,3208.341437,1676.761063,685.3774823,2344.630904,2204.969918,1197.612443,441.0228278,3700.562307,2589.945682,1618.688477,467.2642482,843.1006981,728.1577015,236.1610481,78.8829925,1713.972567,642.8548024,1154.94945,114.8094557,329.4336954,157.8158674,156.5841663,13.6811092,533.7609255,214.289897,633.0764249,3.8266558
"2017-08",25703.83163,10022.79499,7241.816202,6369.541357,2069.679081,7299.572793,4356.930405,7751.219161,1632.991952,3184.092767,475.0572748,1003.96728,2666.140298,2302.135356,1768.923492,562.3736468,1431.950072,1644.075411,836.7252327,444.1796896,3833.22887,1648.318682,1738.070809,531.6007998,318.7941594,568.3540946,368.046461,377.7972365,1183.186197,596.9704795,1277.712791,126.2233005,193.0456244,126.5130351,136.6120637,18.8865516,396.4497735,355.4491433,243.4505075,8.6178558
"2017-09",30844.40041,14243.54909,8306.92837,6385.471245,1908.4517,8909.05087,4953.189532,9074.551085,2121.839733,3758.937356,691.1279685,1335.703862,4090.670696,2725.639805,1608.561491,484.1788774,2018.5945,1787.976537,755.3695459,391.2489493,4843.798831,1949.411913,1849.349881,431.9904608,801.3132807,692.5579059,398.1857883,229.7827576,1593.800817,627.330364,1324.603226,213.2029495,204.8664274,212.6501063,185.0514033,88.5600315,690.5045401,311.361739,264.3499096,69.4876735
"2017-10",34139.20224,15873.30016,9840.812908,6328.644958,2096.444211,10232.2612,6435.448851,8685.202414,2555.152618,3937.431342,815.0854077,1478.620405,4396.06781,3581.101287,1746.449951,508.6421514,3140.926975,1990.63102,1007.589865,296.3009913,4362.550055,2263.568172,1355.639023,703.4451637,1289.166354,785.8344174,422.2301051,57.9217414,1775.538286,839.8049602,1111.375583,210.7125132,410.6082687,236.4316542,138.3050077,29.7404771,498.4424097,143.4413985,547.0554236,289.6811731
"2017-11",27139.40702,11236.77352,8249.366577,6143.479036,1509.787886,8024.480632,6541.599137,6777.454859,1919.891187,2654.636144,908.3411296,313.0039341,3034.569843,2939.523927,1652.669724,397.7171373,2873.662161,2209.544406,1049.519485,408.8730851,2825.779408,1833.191144,1619.8689,498.6154075,792.3089433,472.1675612,588.091587,67.3230959,902.7861165,616.4633411,1033.288987,102.097699,679.1969214,108.2972817,102.4710727,18.3758538,128.4701295,70.1789165,97.5692804,16.7856077
"2017-12",27524.6628,10285.55343,11375.23448,4959.992037,903.8828484,8828.264644,5763.93461,6964.518353,1649.568885,3197.216136,781.9862518,339.173919,3488.438911,3855.742111,1298.683279,185.4003441,2136.667959,2808.22171,612.4720099,206.5729315,2520.187847,2622.855998,1602.619324,218.855185,738.7329587,607.4521435,188.6439646,114.7398177,966.925713,1132.853036,933.5974444,163.8399435,393.8518553,270.1752662,107.8929377,10.0661926,40.7481914,77.9342154,216.0830782,4.408434
"2018-01",44984.19969,24195.4494,15572.50415,4082.389068,1133.857075,15476.97559,10061.62104,9548.56281,3407.823512,4390.350775,1607.560639,491.3053282,8128.992328,5790.119725,1266.347049,291.5164889,6438.384756,2984.557649,396.820547,241.8580842,4917.078587,3203.927825,1275.71379,151.8426094,1710.205646,1346.895854,209.932569,140.7894434,1829.438883,1573.471332,704.4198971,283.0206627,1012.551151,478.3002984,95.7010649,21.0081244,158.7980482,195.2314663,133.4541518,3.8216619
"2018-02",23132.8627,9560.629781,6590.275942,5784.150845,1197.806132,7654.457505,4528.835096,5265.330468,1341.716689,2698.650014,1445.437819,198.4351089,3090.600545,2047.499307,2105.997046,410.3606072,2052.275809,1350.481832,911.8978533,214.1796019,2032.274295,1501.863129,1471.13275,260.0602939,520.4392074,544.0368194,164.3182063,112.9224557,809.631438,808.6605347,945.9601024,134.3979387,1017.240998,293.4152562,69.2423088,65.5392553,38.1674875,44.319064,115.6025783,0.3459791
"2018-03",25265.99873,10151.18226,7773.071214,6109.22123,1232.524035,8217.041931,5977.581126,4767.227728,1809.275504,3365.727884,907.253614,221.8909469,3427.490214,2612.91765,1915.991132,260.6429349,2739.410074,1792.358545,1244.089062,201.7234445,1666.688673,1609.671343,1101.69893,389.1687816,612.2656242,525.9360349,474.3646137,196.7092312,918.7635376,994.8054323,1285.133605,167.0253092,663.6336276,186.3608568,43.5200508,13.7390788,122.9305045,51.0213517,44.4238364,3.5152543
"2018-04",35895.55587,15789.3908,10986.09381,7055.495123,2064.576137,11097.52637,8412.342779,8033.263195,2266.310072,3984.976886,1467.290663,633.8458985,4724.498283,3894.742298,2066.852931,411.4328604,3733.273299,2771.770509,1107.171682,800.1272897,3567.21765,2314.359114,1703.739751,447.9466808,1100.292662,695.958425,397.9967714,72.0622127,1685.266548,865.4091458,1126.174191,308.1270011,734.3330419,317.1797884,391.8151921,23.9626403,244.5093162,126.6745258,261.7446049,0.9174516
"2018-05",24374.8668,8896.315765,7339.565766,6394.04853,1744.936737,7297.484472,4838.02198,6481.317826,1497.465599,2843.232155,715.5144667,701.830299,2784.129073,2733.500071,1422.211794,357.6435349,1790.349792,1778.413466,933.2258657,336.0328566,2287.674493,1703.742608,2217.632794,272.2679315,583.9171813,390.5356927,447.3165986,75.6961259,763.7781856,548.4369136,839.1746671,691.8423886,371.9996345,160.1772549,178.6771771,4.6604002,314.467405,24.7597607,355.8096339,6.7934994
"2018-06",26522.60356,10229.56129,7346.676393,7028.652358,1917.713528,8089.861426,4917.310008,6731.022141,1662.260747,3096.601197,748.8171227,1276.730923,2956.280186,2406.532144,1914.377375,812.671721,1773.766145,1774.978968,971.3354066,397.229488,2632.31148,1764.810544,2011.774208,322.1259087,581.9894605,490.2562319,359.9964452,230.0186095,1158.543598,571.5199472,1241.194583,125.3430684,416.1747599,245.3852771,75.1760667,12.081019,710.4956552,93.193281,454.7982734,18.2437138
"2018-07",35102.44369,15081.46363,10670.03568,6933.639991,2417.304383,10000.38244,6584.938325,9633.373736,2080.185066,4816.44897,858.0089646,1129.106184,4376.201551,3238.449655,1673.153792,712.5774439,2661.047763,2289.718495,1258.117569,376.0544975,4493.399456,2776.211912,1561.439012,802.3233552,804.2786678,627.0862076,431.370053,217.4501376,1857.892116,1332.887943,1404.988439,220.6804728,300.7085891,278.9961681,196.6203101,81.6838973,587.9354924,126.6852959,407.9508166,6.5345791
"2018-08",27420.97131,12396.57332,6774.509287,6922.562504,1327.3262,7859.786469,5120.198543,8262.430548,1367.974155,2797.70911,653.4663377,1359.40615,3149.316037,2179.815664,2188.774094,341.8806741,1951.484456,1568.505654,1223.90191,376.3065221,4499.956635,1953.382407,1472.26315,336.8283551,498.2237168,267.2682637,534.5415835,67.9405906,1415.273487,500.8744918,705.3107021,176.2504297,354.2528264,104.2071116,168.8249014,26.1814983,528.066163,200.4556946,628.946162,1.9381302
"2018-09",30125.40879,12683.56975,8985.892769,6526.511453,1929.434827,9650.904919,5157.825359,8783.226929,1382.403151,3195.719984,804.4646079,1150.863846,4040.181999,3239.785531,1840.97694,529.9604495,2080.008933,1825.244033,989.7911526,262.7812402,4171.530648,2316.050231,1620.563202,675.0828472,434.1585471,432.9195629,361.2241638,154.1008767,1155.319798,770.6483921,1165.535702,104.2160915,403.7396211,202.1513184,120.9716616,77.6020068,398.6301991,199.0937015,427.4486304,125.6913146
"2018-10",33305.62116,14349.55685,10370.88446,7148.821073,1436.358774,10191.30674,6642.094601,8902.785366,2191.54114,3716.93531,1062.8794,598.0786038,4534.405553,3596.22283,1690.719126,369.9592272,2650.710741,2229.649312,1472.97587,288.7586774,3760.590677,2631.812456,2097.331806,413.0504266,975.2243157,613.6132251,519.063139,83.6404606,1475.395792,872.7719441,1136.419016,232.3485584,641.0655697,312.2017592,80.3914489,29.2206221,312.1641993,114.6129367,151.9206665,19.3808013
"2018-11",29645.03422,11882.42816,8087.36298,7883.69773,1791.545352,8759.385004,5762.390054,7896.990982,2336.853401,3513.182444,910.9886872,465.2436476,3438.924778,2900.44228,1908.569171,511.4487744,2658.406541,1636.957079,1151.705941,315.3204944,3251.175559,2005.947343,1961.496118,678.3719623,794.7808667,411.7356297,1024.290921,106.0459837,1227.887241,761.05257,1355.337543,168.9050902,475.3048586,277.0458777,150.5132505,8.1247004,35.9483139,94.1822011,331.7847861,3.3283465
"2018-12",31425.92893,12298.89228,12170.27325,5648.687164,1308.07624,9849.48139,6284.245159,7985.981205,2214.87331,3717.109527,767.7685036,606.4698363,3671.088667,4360.900291,1490.895718,326.5967141,2383.032156,2743.129801,897.5792878,260.5039154,3466.54893,2566.287636,1475.33661,477.8080294,933.7919342,887.413938,344.4936672,49.1737707,1197.484855,1277.54634,1081.729896,160.348435,432.2087736,225.8538211,76.9417851,32.7641238,214.7369625,109.1414218,281.7102001,0.8812519
"2019-01",52759.52917,27970.79932,18092.36148,4527.25907,2169.109309,17441.77842,11759.64368,11991.92885,3722.027307,5118.752693,2044.685413,680.7128144,9192.564791,6839.51037,861.3910485,548.3122128,6346.575303,4360.502743,757.310397,295.2552319,5911.741461,3769.547321,1313.194331,997.4457333,2336.334558,1105.668875,180.5020043,99.5218698,2871.704108,1069.576335,1085.266381,92.2058685,1157.20975,632.8805092,118.226761,136.3683926,154.6693465,314.675321,211.3681469,0
"2019-02",24812.39795,9491.732798,8129.02587,5895.742668,1295.896611,8123.075347,5624.813878,4994.143833,1645.106541,3077.914405,968.6967304,378.647212,3283.010826,2873.916485,1480.123928,486.0241081,2277.941048,2072.183058,1052.273585,222.4161865,1585.100408,1867.26513,1295.034223,246.7440721,762.0487893,378.3647596,404.5844387,100.1085537,908.5694443,626.5558297,1335.40941,207.3797218,639.0473787,123.6431893,174.6775878,31.3285746,36.0149037,187.0974183,153.6394962,1.8953938
"2019-03",29837.87388,11776.33627,8519.446967,8189.936127,1352.154524,9163.726749,7196.583447,6286.804151,2109.347127,3398.341143,1298.579009,384.4922573,3584.314173,3080.894628,2123.571978,374.9459704,3037.394841,2352.363971,1491.044323,315.7803128,2133.151155,1577.723523,2256.338961,319.590512,986.0245684,486.6609672,463.9661944,172.6953973,1087.6633,743.6592879,1468.450694,98.5678607,850.4101937,268.6534551,159.5289561,19.9864044,97.3780351,9.4911358,227.0350204,50.588066
"2019-04",39689.5209,17957.54165,11853.27369,7992.912136,1885.793424,12697.22779,8004.574715,9236.55906,2656.568934,4956.587017,1543.689563,594.3138232,5755.149448,4740.173383,1651.307268,550.5976938,4162.216437,2382.484631,1080.294846,379.578801,3746.395311,2471.118221,2673.074244,345.9712841,1160.663446,746.0745187,586.7950973,163.0358716,1693.48563,1144.472323,1750.715518,367.9135456,1131.453121,307.1124065,34.9730994,70.1509363,308.1782602,61.8382077,215.7520634,8.5452919
"2019-05",29425.7555,10483.13522,8733.268636,8763.788188,1445.563451,9273.077854,6334.747648,7075.817897,2011.054481,3188.391957,836.8451324,705.8205284,2961.358719,3136.277698,2664.823431,510.6180056,2647.27143,1898.944997,1429.004474,359.5267475,2498.421124,2243.561558,2118.838118,214.9970979,675.3093246,516.9508616,637.6859116,181.1083827,859.0659485,661.240716,1536.984608,131.1006844,506.0153156,189.1728867,97.637359,44.0195711,335.6933603,87.1199198,278.8142864,4.1929619
"2019-06",30833.15353,11446.73279,9019.333643,7959.831186,2407.255917,9285.665222,5982.303655,7660.790138,2496.556921,3792.873236,795.8735728,819.0907903,3409.548411,2796.974592,2291.483161,787.6590579,2400.394231,2157.842574,1136.303118,287.7637331,2824.010119,2370.537573,2045.801267,420.4411787,728.777418,419.9380039,703.0791569,644.7623417,1321.718395,865.0859834,1402.604388,203.4644701,351.5414556,311.1029445,102.3312839,30.8978888,410.7427611,97.8519711,278.2288118,32.2672463
"2019-07",36075.18202,14813.11009,11275.12911,8228.830951,1758.111865,10445.53694,6465.296955,9418.405983,2207.269181,5230.924087,1052.957189,1254.791684,3947.674793,3692.933937,2113.464795,691.4634124,2667.601598,2418.728232,1115.69677,263.2703548,4081.950661,2995.930009,2045.560329,294.9649836,994.3203404,553.8225844,460.5053619,198.6208943,1994.149685,1003.770323,2026.512291,206.4917882,434.3287212,371.2990489,224.3962333,22.9331856,693.0842913,238.6449763,242.6951707,80.3672456
"2019-08",30115.34175,12540.65193,8131.206755,7500.845183,1942.637885,9395.643531,5737.514556,8021.481744,1704.788943,3688.192887,442.3225802,1125.397509,3761.687245,3012.709423,2172.088929,449.1579347,1923.401797,1606.486829,1325.092542,882.5333883,3989.589403,2121.525982,1630.235772,280.1305864,587.8545909,520.8897913,461.2368772,134.8076833,1344.39292,739.3391933,1465.605344,138.8554294,255.2496271,81.9606909,87.1803916,17.9318706,678.4763442,48.2948445,359.4053279,39.2209919
"2019-09",36038.37347,16236.25122,9211.331281,8670.22276,1920.568211,10637.82512,5743.238851,10759.47552,2416.354398,4704.65642,645.5642592,1131.258898,4516.077334,3009.792159,2414.257079,697.6985489,2184.00821,2011.246905,1120.033162,427.9505744,5705.609229,2619.213643,1871.786498,562.8661518,1048.810715,488.1954015,803.2727569,76.0755252,1783.57443,768.0146459,2028.209305,124.8580389,342.8520509,141.3285513,130.2642851,31.1193719,655.3192472,173.5399757,302.3996749,0
"2019-10",35963.88351,14978.44734,11404.71654,7795.925727,1784.793907,11541.19236,6502.057279,10613.51848,2043.265754,3612.146325,949.0370162,702.6663056,4669.223209,4000.33181,2389.319812,482.317524,2505.039236,2079.247416,1568.322258,349.4483693,4745.871793,3421.242028,1871.270517,575.1341406,889.6388834,715.2930183,278.5717953,159.7620571,1326.422508,799.87654,1333.876458,151.9708185,537.1454169,230.5335221,149.8581178,31.4999594,305.1062966,158.1922021,204.7067685,34.6610384
"2019-11",32242.47276,11346.65034,9315.44193,9531.875214,2048.505277,9937.494271,6666.703868,7884.055258,2257.994539,4077.866985,784.9051311,633.4527087,3291.535601,2979.211862,3004.519465,662.227342,2832.167611,2027.73512,1505.03808,301.7630563,2689.99048,2275.230712,2091.141639,827.6924274,858.5500243,796.6781292,483.5067773,119.2596082,1023.88174,1029.573137,1925.23493,99.1771775,385.7186634,112.0318472,254.7172795,32.437341,264.8062206,94.9811219,267.7170416,5.9483246
"2019-12",33882.39193,12098.49109,12383.11242,7417.235794,1983.552621,11834.62461,6876.298409,7482.226489,2048.497717,3889.096663,1236.41669,515.2313524,3852.077395,4425.650449,2672.329497,884.5672645,2740.313029,2850.335608,999.4542511,286.1955206,2769.405729,2953.573414,1348.996294,410.2510529,759.4192241,844.946341,200.8570258,243.2751257,946.6446074,1037.618811,1818.290003,86.5432422,897.4865239,234.405877,91.1809264,13.3433629,133.1445822,36.5819206,286.1277971,59.3770525
